376,Collide,"Action,Crime,Thriller","An American backpacker gets involved with a ring of drug smugglers as their driver, though he winds up on the run from his employers across Cologne high-speed Autobahn.",Eran Creevy,"Nicholas Hoult, Felicity Jones, Anthony Hopkins, Ben Kingsley",2016,99,5.7,7583,2.2,33
377,Black Mass,"Biography,Crime,Drama","The true story of Whitey Bulger, the brother of a state senator and the most infamous violent criminal in the history of South Boston, who became an FBI informant to take down a Mafia family invading his turf.",Scott Cooper,"Johnny Depp, Benedict Cumberbatch, Dakota Johnson, Joel Edgerton",2015,123,6.9,135706,62.56,68
378,Creed,"Drama,Sport","The former World Heavyweight Champion Rocky Balboa serves as a trainer and mentor to Adonis Johnson, the son of his late friend and former rival Apollo Creed.",Ryan Coogler,"Michael B. Jordan, Sylvester Stallone, Tessa Thompson, Phylicia Rashad",2015,133,7.6,175673,109.71,82
379,Swiss Army Man,"Adventure,Comedy,Drama",A hopeless man stranded on a deserted island befriends a dead body and together they go on a surreal journey to get home.,Dan Kwan,"Paul Dano, Daniel Radcliffe, Mary Elizabeth Winstead, Antonia Ribero",2016,97,7.1,61812,4.21,64
380,The Expendables 3,"Action,Adventure,Thriller","Barney augments his team with new blood for a personal battle: to take down Conrad Stonebanks, the Expendables co-founder and notorious arms trader who is hell bent on wiping out Barney and every single one of his associates.",Patrick Hughes,"Sylvester Stallone, Jason Statham, Jet Li, Antonio Banderas",2014,126,6.1,137568,39.29,35
381,What We Do in the Shadows,"Comedy,Fantasy,Horror","A documentary team films the lives of a group of vampires for a few months. The vampires share a house in Wellington, New Zealand. Turns out vampires have their own domestic problems too.",Jemaine Clement,"Jemaine Clement, Taika Waititi,Cori Gonzalez-Macuer, Jonny Brugh",2014,86,7.6,84016,3.33,76
382,Southpaw,"Drama,Sport",Boxer Billy Hope turns to trainer Tick Wills to help him get his life back on track after losing his wife in a tragic accident and his daughter to child protection services.,Antoine Fuqua,"Jake Gyllenhaal, Rachel McAdams, Oona Laurence,Forest Whitaker",2015,124,7.4,169083,52.42,57
383,Hush,"Horror,Thriller",A deaf writer who retreated into the woods to live a solitary life must fight for her life in silence when a masked killer appears at her window.,Mike Flanagan,"John Gallagher Jr., Kate Siegel, Michael Trucco,Samantha Sloyan",2016,81,6.6,45867,,67
384,Bridge of Spies,"Drama,History,Thriller","During the Cold War, an American lawyer is recruited to defend an arrested Soviet spy in court, and then help the CIA facilitate an exchange of the spy for the Soviet captured American U2 spy plane pilot, Francis Gary Powers.",Steven Spielberg,"Tom Hanks, Mark Rylance, Alan Alda, Amy Ryan",2015,142,7.6,217938,72.31,81
385,The Lego Movie,"Animation,Action,Adventure","An ordinary Lego construction worker, thought to be the prophesied 'Special', is recruited to join a quest to stop an evil tyrant from gluing the Lego universe into eternal stasis.",Phil Lord,"Chris Pratt, Will Ferrell, Elizabeth Banks, Will Arnett",2014,100,7.8,266508,257.76,83
386,Everest,"Action,Adventure,Drama","The story of New Zealand's Robert ""Rob"" Edwin Hall, who on May 10, 1996, together with Scott Fischer, teamed up on a joint expedition to ascend Mount Everest.",Baltasar Kormákur,"Jason Clarke, Ang Phula Sherpa, Thomas M. Wright, Martin Henderson",2015,121,7.1,154647,43.25,64
387,Pixels,"Action,Comedy,Family","When aliens misinterpret video feeds of classic arcade games as a declaration of war, they attack the Earth in the form of the video games.",Chris Columbus,"Adam Sandler, Kevin James, Michelle Monaghan,Peter Dinklage",2015,105,5.6,101092,78.75,27
388,Robin Hood,"Action,Adventure,Drama","In 12th century England, Robin and his band of marauders confront corruption in a local village and lead an uprising against the crown that will forever alter the balance of world power.",Ridley Scott,"Russell Crowe, Cate Blanchett, Matthew Macfadyen,Max von Sydow",2010,140,6.7,221117,105.22,53
389,The Wolverine,"Action,Adventure,Sci-Fi","When Wolverine is summoned to Japan by an old acquaintance, he is embroiled in a conflict that forces him to confront his own demons.",James Mangold,"Hugh Jackman, Will Yun Lee, Tao Okamoto, Rila Fukushima",2013,126,6.7,355362,132.55,60
390,John Carter,"Action,Adventure,Sci-Fi","Transported to Barsoom, a Civil War vet discovers a barren planet seemingly inhabited by 12-foot tall barbarians. Finding himself prisoner of these creatures, he escapes, only to encounter Woola and a princess in desperate need of a savior.",Andrew Stanton,"Taylor Kitsch, Lynn Collins, Willem Dafoe,Samantha Morton",2012,132,6.6,220667,73.06,51
391,Keanu,"Action,Comedy","When an L.A. drug kingpin's kitten unexpectedly enters the life of two cousins, they will have to go through gangs, hitmen and drug dealers who claim him in order to get him back.",Peter Atencio,"Keegan-Michael Key, Jordan Peele, Tiffany Haddish,Method Man",2016,100,6.3,31913,20.57,63
392,The Gunman,"Action,Crime,Drama","A sniper on a mercenary assassination team, kills the minister of mines of the Congo. Terrier's successful kill shot forces him into hiding. Returning to the Congo years later, he becomes the target of a hit squad himself.",Pierre Morel,"Sean Penn, Idris Elba, Jasmine Trinca, Javier Bardem",2015,115,5.8,31194,10.64,39
393,Steve Jobs,"Biography,Drama","Steve Jobs takes us behind the scenes of the digital revolution, to paint a portrait of the man at its epicenter. The story unfolds backstage at three iconic product launches, ending in 1998 with the unveiling of the iMac.",Danny Boyle,"Michael Fassbender, Kate Winslet, Seth Rogen, Jeff Daniels",2015,122,7.2,116112,17.75,82
394,Whisky Galore,"Comedy,Romance",Scottish islanders try to plunder cases of whisky from a stranded ship.,Gillies MacKinnon,"Tim Pigott-Smith, Naomi Battrick, Ellie Kendrick,James Cosmo",2016,98,5,102,,43
395,Grown Ups 2,Comedy,"After moving his family back to his hometown to be with his friends and their kids, Lenny finds out that between old bullies, new bullies, schizo bus drivers, drunk cops on skis, and 400 costumed party crashers sometimes crazy follows you.",Dennis Dugan,"Adam Sandler, Kevin James, Chris Rock, David Spade",2013,101,5.4,114482,133.67,19
396,The Age of Adaline,"Drama,Fantasy,Romance","A young woman, born at the turn of the 20th century, is rendered ageless after an accident. After many solitary years, she meets a man who complicates the eternal life she has settled into.",Lee Toland Krieger,"Blake Lively, Michiel Huisman, Harrison Ford,Kathy Baker",2015,112,7.2,112288,42.48,51
397,The Incredible Hulk,"Action,Adventure,Sci-Fi","Bruce Banner, a scientist on the run from the U.S. Government, must find a cure for the monster he emerges whenever he loses his temper.",Louis Leterrier,"Edward Norton, Liv Tyler, Tim Roth, William Hurt",2008,112,6.8,342355,134.52,61
398,Couples Retreat,Comedy,"A comedy centered around four couples who settle into a tropical-island resort for a vacation. While one of the couples is there to work on the marriage, the others fail to realize that participation in the resort's therapy sessions is not optional.",Peter Billingsley,"Vince Vaughn, Malin Akerman, Jon Favreau, Jason Bateman",2009,113,5.5,86417,109.18,23
399,Absolutely Anything,"Comedy,Sci-Fi","A group of eccentric aliens confer a human being with the power to do absolutely anything, as an experiment.",Terry Jones,"Simon Pegg, Kate Beckinsale, Sanjeev Bhaskar, Rob Riggle",2015,85,6,26587,,31
400,Magic Mike,"Comedy,Drama","A male stripper teaches a younger performer how to party, pick up women, and make easy money.",Steven Soderbergh,"Channing Tatum, Alex Pettyfer, Olivia Munn,Matthew McConaughey",2012,110,6.1,113686,113.71,72
401,Minions,"Animation,Action,Adventure","Minions Stuart, Kevin and Bob are recruited by Scarlet Overkill, a super-villain who, alongside her inventor husband Herb, hatches a plot to take over the world.",Kyle Balda,"Sandra Bullock, Jon Hamm, Michael Keaton, Pierre Coffin",2015,91,6.4,159830,336.03,56
402,The Black Room,Horror,PAUL and JENNIFER HEMDALE have just moved into their dream house. But their happy marriage is about to be put to the test as they slowly discover the secret behind the black room in the ... See full summary »,Rolfe Kanefsky,"Natasha Henstridge, Lukas Hassel, Lin Shaye,Dominique Swain",2016,91,3.9,240,,71
403,Bronson,"Action,Biography,Crime","A young man who was sentenced to seven years in prison for robbing a post office ends up spending three decades in solitary confinement. During this time, his own personality is supplanted by his alter-ego, Charles Bronson.",Nicolas Winding Refn,"Tom Hardy, Kelly Adams, Luing Andrews,Katy Barker",2008,92,7.1,93972,0.1,
404,Despicable Me,"Animation,Adventure,Comedy","When a criminal mastermind uses a trio of orphan girls as pawns for a grand scheme, he finds their love is profoundly changing him for the better.",Pierre Coffin,"Steve Carell, Jason Segel, Russell Brand, Julie Andrews",2010,95,7.7,410607,251.5,72
405,The Best of Me,"Drama,Romance",A pair of former high school sweethearts reunite after many years when they return to visit their small hometown.,Michael Hoffman,"James Marsden, Michelle Monaghan, Luke Bracey,Liana Liberato",2014,118,6.7,49041,26.76,29
406,The Invitation,"Drama,Mystery,Thriller","While attending a dinner party at his former home, a man thinks his ex-wife and her new husband have sinister intentions for their guests.",Karyn Kusama,"Logan Marshall-Green, Emayatzy Corinealdi, Michiel Huisman, Tammy Blanchard",2015,100,6.7,40529,0.23,74
407,Zero Dark Thirty,"Drama,History,Thriller","A chronicle of the decade-long hunt for al-Qaeda terrorist leader Osama bin Laden after the September 2001 attacks, and his death at the hands of the Navy S.E.A.L.s Team 6 in May 2011.",Kathryn Bigelow,"Jessica Chastain, Joel Edgerton, Chris Pratt, Mark Strong",2012,157,7.4,226661,95.72,95
408,Tangled,"Animation,Adventure,Comedy","The magically long-haired Rapunzel has spent her entire life in a tower, but now that a runaway thief has stumbled upon her, she is about to discover the world for the first time, and who she really is.",Nathan Greno,"Mandy Moore, Zachary Levi, Donna Murphy, Ron Perlman",2010,100,7.8,316459,200.81,71
409,The Hunger Games: Mockingjay - Part 2,"Action,Adventure,Sci-Fi","As the war of Panem escalates to the destruction of other districts, Katniss Everdeen, the reluctant leader of the rebellion, must bring together an army against President Snow, while all she holds dear hangs in the balance.",Francis Lawrence,"Jennifer Lawrence, Josh Hutcherson, Liam Hemsworth, Woody Harrelson",2015,137,6.6,202380,281.67,65
410,Vacation,"Adventure,Comedy","Rusty Griswold takes his own family on a road trip to ""Walley World"" in order to spice things up with his wife and reconnect with his sons.",John Francis Daley,"Ed Helms, Christina Applegate, Skyler Gisondo, Steele Stebbins",2015,99,6.1,74589,58.88,34
411,Taken,"Action,Thriller","A retired CIA agent travels across Europe and relies on his old skills to save his estranged daughter, who has been kidnapped while on a trip to Paris.",Pierre Morel,"Liam Neeson, Maggie Grace, Famke Janssen, Leland Orser",2008,93,7.8,502961,145,50
412,Pitch Perfect 2,"Comedy,Music","After a humiliating command performance at The Kennedy Center, the Barden Bellas enter an international competition that no American group has ever won in order to regain their status and right to perform.",Elizabeth Banks,"Anna Kendrick, Rebel Wilson, Hailee Steinfeld,Brittany Snow",2015,115,6.5,108306,183.44,63
413,Monsters University,"Animation,Adventure,Comedy",A look at the relationship between Mike and Sulley during their days at Monsters University -- when they weren't necessarily the best of friends.,Dan Scanlon,"Billy Crystal, John Goodman, Steve Buscemi, Helen Mirren",2013,104,7.3,252119,268.49,65
414,Elle,"Crime,Drama,Thriller",A successful businesswoman gets caught up in a game of cat and mouse as she tracks down the unknown man who raped her.,Paul Verhoeven,"Isabelle Huppert, Laurent Lafitte, Anne Consigny,Charles Berling",2016,130,7.2,35417,,89
415,Mechanic: Resurrection,"Action,Adventure,Crime","Arthur Bishop thought he had put his murderous past behind him, until his most formidable foe kidnaps the love of his life. Now he is forced to travel the globe to complete three impossible assassinations, and do what he does best: make them look like accidents.",Dennis Gansel,"Jason Statham, Jessica Alba, Tommy Lee Jones,Michelle Yeoh",2016,98,5.6,48161,21.2,38
416,Tusk,"Comedy,Drama,Horror","When podcaster Wallace Bryton goes missing in the backwoods of Manitoba while interviewing a mysterious seafarer named Howard Howe, his best friend Teddy and girlfriend Allison team with an ex-cop to look for him.",Kevin Smith,"Justin Long, Michael Parks, Haley Joel Osment,Genesis Rodriguez",2014,102,5.4,34546,1.82,55
417,The Headhunter's Calling,Drama,"A headhunter whose life revolves around closing deals in a a survival-of-the-fittest boiler room, battles his top rival for control of their job placement company -- his dream of owning the company clashing with the needs of his family.",Mark Williams,"Alison Brie, Gerard Butler, Willem Dafoe, Gretchen Mol",2016,108,6.9,164,,85
418,Atonement,"Drama,Mystery,Romance","Fledgling writer Briony Tallis, as a thirteen-year-old, irrevocably changes the course of several lives when she accuses her older sister's lover of a crime he did not commit.",Joe Wright,"Keira Knightley, James McAvoy, Brenda Blethyn,Saoirse Ronan",2007,123,7.8,202890,50.92,
419,Harry Potter and the Deathly Hallows: Part 1,"Adventure,Family,Fantasy","As Harry races against time and evil to destroy the Horcruxes, he uncovers the existence of three most powerful objects in the wizarding world: the Deathly Hallows.",David Yates,"Daniel Radcliffe, Emma Watson, Rupert Grint, Bill Nighy",2010,146,7.7,357213,294.98,65
420,Shame,Drama,A man's carefully cultivated private life is disrupted when his sister arrives for an indefinite stay.,Steve McQueen,"Michael Fassbender, Carey Mulligan, James Badge Dale, Lucy Walters",2011,101,7.2,155010,4,72
421,Hanna,"Action,Drama,Thriller","A sixteen-year-old girl who was raised by her father to be the perfect assassin is dispatched on a mission across Europe, tracked by a ruthless intelligence agent and her operatives.",Joe Wright,"Saoirse Ronan, Cate Blanchett, Eric Bana, Vicky Krieps",2011,111,6.8,164208,40.25,65
422,The Babysitters,Drama,A teenager turns her babysitting service into a call-girl service for married guys after fooling around with one of her customers.,David Ross,"Lauren Birkell, Paul Borghese, Chira Cassel, Anthony Cirillo",2007,88,5.7,8914,0.04,35
423,Pride and Prejudice and Zombies,"Action,Horror,Romance",Five sisters in 19th century England must cope with the pressures to marry while protecting themselves from a growing population of zombies.,Burr Steers,"Lily James, Sam Riley, Jack Huston, Bella Heathcote",2016,108,5.8,35003,10.91,45
424,300: Rise of an Empire,"Action,Drama,Fantasy","Greek general Themistokles leads the charge against invading Persian forces led by mortal-turned-god Xerxes and Artemisia, vengeful commander of the Persian navy.",Noam Murro,"Sullivan Stapleton, Eva Green, Lena Headey, Hans Matheson",2014,102,6.2,237887,106.37,48
425,London Has Fallen,"Action,Crime,Drama","In London for the Prime Minister's funeral, Mike Banning discovers a plot to assassinate all the attending world leaders.",Babak Najafi,"Gerard Butler, Aaron Eckhart, Morgan Freeman,Angela Bassett",2016,99,5.9,100702,62.4,28
426,The Curious Case of Benjamin Button,"Drama,Fantasy,Romance","Tells the story of Benjamin Button, a man who starts aging backwards with bizarre consequences.",David Fincher,"Brad Pitt, Cate Blanchett, Tilda Swinton, Julia Ormond",2008,166,7.8,485075,127.49,70
427,Sin City: A Dame to Kill For,"Action,Crime,Thriller",Some of Sin City's most hard-boiled citizens cross paths with a few of its more reviled inhabitants.,Frank Miller,"Mickey Rourke, Jessica Alba, Josh Brolin, Joseph Gordon-Levitt",2014,102,6.5,122185,13.75,46
428,The Bourne Ultimatum,"Action,Mystery,Thriller",Jason Bourne dodges a ruthless CIA official and his agents from a new assassination program while searching for the origins of his life as a trained killer.,Paul Greengrass,"Matt Damon, Edgar Ramírez, Joan Allen, Julia Stiles",2007,115,8.1,525700,227.14,85
429,Srpski film,"Horror,Mystery,Thriller","An aging porn star agrees to participate in an ""art film"" in order to make a clean break from the business, only to discover that he has been drafted into making a pedophilia and necrophilia themed snuff film.",Srdjan Spasojevic,"Srdjan 'Zika' Todorovic, Sergej Trifunovic,Jelena Gavrilovic, Slobodan Bestic",2010,104,5.2,43648,,55
430,The Purge: Election Year,"Action,Horror,Sci-Fi","Former Police Sergeant Barnes becomes head of security for Senator Charlie Roan, a Presidential candidate targeted for death on Purge night due to her vow to eliminate the Purge.",James DeMonaco,"Frank Grillo, Elizabeth Mitchell, Mykelti Williamson, Joseph Julian Soria",2016,109,6,54216,79,
431,3 Idiots,"Comedy,Drama","Two friends are searching for their long lost companion. They revisit their college days and recall the memories of their friend who inspired them to think differently, even as the rest of the world called them ""idiots"".",Rajkumar Hirani,"Aamir Khan, Madhavan, Mona Singh, Sharman Joshi",2009,170,8.4,238789,6.52,67
432,Zoolander 2,Comedy,"Derek and Hansel are lured into modeling again, in Rome, where they find themselves the target of a sinister conspiracy.",Ben Stiller,"Ben Stiller, Owen Wilson, Penélope Cruz, Will Ferrell",2016,102,4.7,48297,28.84,34
433,World War Z,"Action,Adventure,Horror","Former United Nations employee Gerry Lane traverses the world in a race against time to stop the Zombie pandemic that is toppling armies and governments, and threatening to destroy humanity itself.",Marc Forster,"Brad Pitt, Mireille Enos, Daniella Kertesz, James Badge Dale",2013,116,7,494819,202.35,63
434,Mission: Impossible - Ghost Protocol,"Action,Adventure,Thriller","The IMF is shut down when it's implicated in the bombing of the Kremlin, causing Ethan Hunt and his new team to go rogue to clear their organization's name.",Brad Bird,"Tom Cruise, Jeremy Renner, Simon Pegg, Paula Patton",2011,132,7.4,382459,209.36,73
435,Let Me Make You a Martyr,"Action,Crime,Drama","A cerebral revenge film about two adopted siblings who fall in love, and hatch a plan to kill their abusive father.",Corey Asraf,"Marilyn Manson, Mark Boone Junior, Sam Quartin, Niko Nicotera",2016,102,6.4,223,,56
436,Filth,"Comedy,Crime,Drama","A corrupt, junkie cop with bipolar disorder attempts to manipulate his way through a promotion in order to win back his wife and daughter while also fighting his own borderline-fueled inner demons.",Jon S. Baird,"James McAvoy, Jamie Bell, Eddie Marsan, Imogen Poots",2013,97,7.1,81301,0.03,
437,The Longest Ride,"Drama,Romance","The lives of a young couple intertwine with a much older man, as he reflects back on a past love.",George Tillman Jr.,"Scott Eastwood, Britt Robertson, Alan Alda, Jack Huston",2015,123,7.1,58421,37.43,33
438,The imposible,"Drama,Thriller",The story of a tourist family in Thailand caught in the destruction and chaotic aftermath of the 2004 Indian Ocean tsunami.,J.A. Bayona,"Naomi Watts, Ewan McGregor, Tom Holland, Oaklee Pendergast",2012,114,7.6,156189,19,73
439,Kick-Ass 2,"Action,Comedy,Crime","Following Kick-Ass' heroics, other citizens are inspired to become masked crusaders. But the Red Mist leads his own group of evil supervillains to kill Kick-Ass and destroy everything for which he stands.",Jeff Wadlow,"Aaron Taylor-Johnson, Chloë Grace Moretz,Christopher Mintz-Plasse, Jim Carrey",2013,103,6.6,214825,28.75,41
440,Folk Hero & Funny Guy,Comedy,A successful singer-songwriter hatches a plan to help his friend's struggling comedy career and broken love life by hiring him as his opening act on his solo tour.,Jeff Grace,"Alex Karpovsky, Wyatt Russell, Meredith Hagner,Melanie Lynskey",2016,88,5.6,220,,63
441,Oz the Great and Powerful,"Adventure,Family,Fantasy","A frustrated circus magician from Kansas is transported to a magical land called Oz, where he will have to fulfill a prophecy to become the king, and release the land from the Wicked Witches using his great (but fake) powers.",Sam Raimi,"James Franco, Michelle Williams, Rachel Weisz, Mila Kunis",2013,130,6.3,181521,234.9,44
442,Brooklyn,"Drama,Romance","An Irish immigrant lands in 1950s Brooklyn, where she quickly falls into a romance with a local. When her past catches up with her, however, she must choose between two countries and the lives that exist within.",John Crowley,"Saoirse Ronan, Emory Cohen, Domhnall Gleeson,Jim Broadbent",2015,117,7.5,94977,38.32,87
443,Coraline,"Animation,Family,Fantasy","An adventurous girl finds another world that is a strangely idealized version of her frustrating home, but it has sinister secrets.",Henry Selick,"Dakota Fanning, Teri Hatcher, John Hodgman, Jennifer Saunders",2009,100,7.7,156620,75.28,80
444,Blue Valentine,"Drama,Romance","The relationship of a contemporary married couple, charting their evolution over a span of years by cross-cutting between time periods.",Derek Cianfrance,"Ryan Gosling, Michelle Williams, John Doman,Faith Wladyka",2010,112,7.4,151409,9.7,81
445,The Thinning,Thriller,"""The Thinning"" takes place in a post-apocalyptic future where population control is dictated by a high-school aptitude test. When two students (Logan Paul and Peyton List) discover the test... See full summary »",Michael J. Gallagher,"Logan Paul, Peyton List, Lia Marie Johnson,Calum Worthy",2016,81,6,4531,,31
446,Silent Hill,"Adventure,Horror,Mystery","A woman, Rose, goes in search for her adopted daughter within the confines of a strange, desolate town called Silent Hill.",Christophe Gans,"Radha Mitchell, Laurie Holden, Sean Bean,Deborah Kara Unger",2006,125,6.6,184152,46.98,
447,Dredd,"Action,Sci-Fi","In a violent, futuristic city where the police have the authority to act as judge, jury and executioner, a cop teams with a trainee to take down a gang that deals the reality-altering drug, SLO-MO.",Pete Travis,"Karl Urban, Olivia Thirlby, Lena Headey, Rachel Wood",2012,95,7.1,213764,13.4,59
448,Hunt for the Wilderpeople,"Adventure,Comedy,Drama",A national manhunt is ordered for a rebellious kid and his foster uncle who go missing in the wild New Zealand bush.,Taika Waititi,"Sam Neill, Julian Dennison, Rima Te Wiata, Rachel House",2016,101,7.9,52331,5.2,81
449,Big Hero 6,"Animation,Action,Adventure","The special bond that develops between plus-sized inflatable robot Baymax, and prodigy Hiro Hamada, who team up with a group of friends to form a band of high-tech heroes.",Don Hall,"Ryan Potter, Scott Adsit, Jamie Chung,T.J. Miller",2014,102,7.8,309186,222.49,74
450,Carrie,"Drama,Horror","A shy girl, outcasted by her peers and sheltered by her religious mother, unleashes telekinetic terror on her small town after being pushed too far at her senior prom.",Kimberly Peirce,"Chloë Grace Moretz, Julianne Moore, Gabriella Wilde, Portia Doubleday",2013,100,5.9,113272,35.27,53
451,Iron Man 2,"Action,Adventure,Sci-Fi","With the world now aware of his identity as Iron Man, Tony Stark must contend with both his declining health and a vengeful mad man with ties to his father's legacy.",Jon Favreau,"Robert Downey Jr., Mickey Rourke, Gwyneth Paltrow,Don Cheadle",2010,124,7,556666,312.06,57
452,Demolition,"Comedy,Drama","A successful investment banker struggles after losing his wife in a tragic car crash. With the help of a customer service rep and her young son, he starts to rebuild, beginning with the demolition of the life he once knew.",Jean-Marc Vallée,"Jake Gyllenhaal, Naomi Watts, Chris Cooper,Judah Lewis",2015,101,7,58720,1.82,49
453,Pandorum,"Action,Horror,Mystery",A pair of crew members aboard a spaceship wake up with no knowledge of their mission or their identities.,Christian Alvart,"Dennis Quaid, Ben Foster, Cam Gigandet, Antje Traue",2009,108,6.8,126656,10.33,28
454,Olympus Has Fallen,"Action,Thriller","Disgraced Secret Service agent (and former presidential guard) Mike Banning finds himself trapped inside the White House in the wake of a terrorist attack; using his inside knowledge, Banning works with national security to rescue the President from his kidnappers.",Antoine Fuqua,"Gerard Butler, Aaron Eckhart, Morgan Freeman,Angela Bassett",2013,119,6.5,214994,98.9,41
455,I Am Number Four,"Action,Adventure,Sci-Fi","Aliens and their Guardians are hiding on Earth from intergalactic bounty hunters. They can only be killed in numerical order, and Number Four is next on the list. This is his story.",D.J. Caruso,"Alex Pettyfer, Timothy Olyphant, Dianna Agron, Teresa Palmer",2011,109,6.1,202682,55.09,36
456,Jagten,Drama,"A teacher lives a lonely life, all the while struggling over his son's custody. His life slowly gets better as he finds love and receives good news from his son, but his new luck is about to be brutally shattered by an innocent little lie.",Thomas Vinterberg,"Mads Mikkelsen, Thomas Bo Larsen, Annika Wedderkopp, Lasse Fogelstrøm",2012,115,8.3,192263,0.61,76
457,The Proposal,"Comedy,Drama,Romance",A pushy boss forces her young assistant to marry her in order to keep her visa status in the U.S. and avoid deportation to Canada.,Anne Fletcher,"Sandra Bullock, Ryan Reynolds, Mary Steenburgen,Craig T. Nelson",2009,108,6.7,241709,163.95,48
458,Get Hard,"Comedy,Crime","When millionaire James King is jailed for fraud and bound for San Quentin, he turns to Darnell Lewis to prep him to go behind bars.",Etan Cohen,"Will Ferrell, Kevin Hart, Alison Brie, T.I.",2015,100,6,95119,90.35,34
459,Just Go with It,"Comedy,Romance","On a weekend trip to Hawaii, a plastic surgeon convinces his loyal assistant to pose as his soon-to-be-divorced wife in order to cover up a careless lie he told to his much-younger girlfriend.",Dennis Dugan,"Adam Sandler, Jennifer Aniston, Brooklyn Decker,Nicole Kidman",2011,117,6.4,182069,103.03,33
460,Revolutionary Road,"Drama,Romance",A young couple living in a Connecticut suburb during the mid-1950s struggle to come to terms with their personal problems while trying to raise their two children.,Sam Mendes,"Leonardo DiCaprio, Kate Winslet, Christopher Fitzgerald, Jonathan Roumie",2008,119,7.3,159736,22.88,69
461,The Town,"Crime,Drama,Thriller","As he plans his next job, a longtime thief tries to balance his feelings for a bank manager connected to one of his earlier heists, as well as the FBI agent looking to bring him and his crew down.",Ben Affleck,"Ben Affleck, Rebecca Hall, Jon Hamm, Jeremy Renner",2010,125,7.6,294553,92.17,74
462,The Boy,"Horror,Mystery,Thriller","An American nanny is shocked that her new English family's boy is actually a life-sized doll. After she violates a list of strict rules, disturbing events make her believe that the doll is really alive.",William Brent Bell,"Lauren Cohan, Rupert Evans, James Russell, Jim Norton",2016,97,6,51235,35.79,42
463,Denial,"Biography,Drama","Acclaimed writer and historian Deborah E. Lipstadt must battle for historical truth to prove the Holocaust actually occurred when David Irving, a renowned denier, sues her for libel.",Mick Jackson,"Rachel Weisz, Tom Wilkinson, Timothy Spall, Andrew Scott",2016,109,6.6,8229,4.07,63
464,Predestination,"Drama,Mystery,Sci-Fi","For his final assignment, a top temporal agent must pursue the one criminal that has eluded him throughout time. The chase turns into a unique, surprising and mind-bending exploration of love, fate, identity and time travel taboos.",Michael Spierig,"Ethan Hawke, Sarah Snook, Noah Taylor, Madeleine West",2014,97,7.5,187760,,69
465,Goosebumps,"Adventure,Comedy,Family","A teenager teams up with the daughter of young adult horror author R. L. Stine after the writer's imaginary demons are set free on the town of Madison, Delaware.",Rob Letterman,"Jack Black, Dylan Minnette, Odeya Rush, Ryan Lee",2015,103,6.3,57602,80.02,60
466,Sherlock Holmes: A Game of Shadows,"Action,Adventure,Crime","Sherlock Holmes and his sidekick Dr. Watson join forces to outwit and bring down their fiercest adversary, Professor Moriarty.",Guy Ritchie,"Robert Downey Jr., Jude Law, Jared Harris, Rachel McAdams",2011,129,7.5,357436,186.83,48
467,Salt,"Action,Crime,Mystery",A CIA agent goes on the run after a defector accuses her of being a Russian spy.,Phillip Noyce,"Angelina Jolie, Liev Schreiber, Chiwetel Ejiofor, Daniel Olbrychski",2010,100,6.4,255813,118.31,65
468,Enemy,"Mystery,Thriller",A man seeks out his exact look-alike after spotting him in a movie.,Denis Villeneuve,"Jake Gyllenhaal, Mélanie Laurent, Sarah Gadon,Isabella Rossellini",2013,91,6.9,111558,1.01,61
469,District 9,"Action,Sci-Fi,Thriller",An extraterrestrial race forced to live in slum-like conditions on Earth suddenly finds a kindred spirit in a government agent who is exposed to their biotechnology.,Neill Blomkamp,"Sharlto Copley, David James, Jason Cope, Nathalie Boltt",2009,112,8,556794,115.65,81
470,The Other Guys,"Action,Comedy,Crime",Two mismatched New York City detectives seize an opportunity to step up like the city's top cops whom they idolize -- only things don't quite go as planned.,Adam McKay,"Will Ferrell, Mark Wahlberg, Derek Jeter, Eva Mendes",2010,107,6.7,199900,119.22,64
471,American Gangster,"Biography,Crime,Drama","In 1970s America, a detective works to bring down the drug empire of Frank Lucas, a heroin kingpin from Manhattan, who is smuggling the drug into the country from the Far East.",Ridley Scott,"Denzel Washington, Russell Crowe, Chiwetel Ejiofor,Josh Brolin",2007,157,7.8,337835,130.13,76
472,Marie Antoinette,"Biography,Drama,History","The retelling of France's iconic but ill-fated queen, Marie Antoinette. From her betrothal and marriage to Louis XVI at 15 to her reign as queen at 19 and to the end of her reign as queen, and ultimately the fall of Versailles.",Sofia Coppola,"Kirsten Dunst, Jason Schwartzman, Rip Torn, Judy Davis",2006,123,6.4,83941,15.96,65
473,2012,"Action,Adventure,Sci-Fi",A frustrated writer struggles to keep his family alive when a series of global catastrophes threatens to annihilate mankind.,Roland Emmerich,"John Cusack, Thandie Newton, Chiwetel Ejiofor,Amanda Peet",2009,158,5.8,297984,166.11,49
474,Harry Potter and the Half-Blood Prince,"Adventure,Family,Fantasy","As Harry Potter begins his sixth year at Hogwarts, he discovers an old book marked as ""the property of the Half-Blood Prince"" and begins to learn more about Lord Voldemort's dark past.",David Yates,"Daniel Radcliffe, Emma Watson, Rupert Grint, Michael Gambon",2009,153,7.5,351059,301.96,78
475,Argo,"Biography,Drama,History","Acting under the cover of a Hollywood producer scouting a location for a science fiction film, a CIA agent launches a dangerous operation to rescue six Americans in Tehran during the U.S. hostage crisis in Iran in 1980.",Ben Affleck,"Ben Affleck, Bryan Cranston, John Goodman, Alan Arkin",2012,120,7.7,481274,136.02,86
476,Eddie the Eagle,"Biography,Comedy,Drama","The story of Eddie Edwards, the notoriously tenacious British underdog ski jumper who charmed the world at the 1988 Winter Olympics.",Dexter Fletcher,"Taron Egerton, Hugh Jackman, Tom Costello, Jo Hartley",2016,106,7.4,56332,15.79,54
477,The Lives of Others,"Drama,Thriller","In 1984 East Berlin, an agent of the secret police, conducting surveillance on a writer and his lover, finds himself becoming increasingly absorbed by their lives.",Florian Henckel von Donnersmarck,"Ulrich Mühe, Martina Gedeck,Sebastian Koch, Ulrich Tukur",2006,137,8.5,278103,11.28,89
478,Pet,"Horror,Thriller","A psychological thriller about a man who bumps into an old crush and subsequently becomes obsessed with her, leading him to hold her captive underneath the animal shelter where he works. ... See full summary »",Carles Torrens,"Dominic Monaghan, Ksenia Solo, Jennette McCurdy,Da'Vone McDonald",2016,94,5.7,8404,,48
479,Paint It Black,Drama,A young woman attempts to deal with the death of her boyfriend while continuously confronted by his mentally unstable mother.,Amber Tamblyn,"Alia Shawkat, Nancy Kwan, Annabelle Attanasio,Alfred Molina",2016,96,8.3,61,,71
480,Macbeth,"Drama,War","Macbeth, the Thane of Glamis, receives a prophecy from a trio of witches that one day he will become King of Scotland. Consumed by ambition and spurred to action by his wife, Macbeth murders his king and takes the throne for himself.",Justin Kurzel,"Michael Fassbender, Marion Cotillard, Jack Madigan,Frank Madigan",2015,113,6.7,41642,,71
481,Forgetting Sarah Marshall,"Comedy,Drama,Romance","Devastated Peter takes a Hawaiian vacation in order to deal with the recent break-up with his TV star girlfriend, Sarah. Little does he know, Sarah's traveling to the same resort as her ex - and she's bringing along her new boyfriend.",Nicholas Stoller,"Kristen Bell, Jason Segel, Paul Rudd, Mila Kunis",2008,111,7.2,226619,62.88,67
482,The Giver,"Drama,Romance,Sci-Fi","In a seemingly perfect community, without war, pain, suffering, differences or choice, a young boy is chosen to learn from an elderly man about the true pain and pleasure of the ""real"" world.",Phillip Noyce,"Brenton Thwaites, Jeff Bridges, Meryl Streep, Taylor Swift",2014,97,6.5,93799,45.09,47
483,Triple 9,"Action,Crime,Drama",A gang of criminals and corrupt cops plan the murder of a police officer in order to pull off their biggest heist yet across town.,John Hillcoat,"Casey Affleck, Chiwetel Ejiofor, Anthony Mackie,Aaron Paul",2016,115,6.3,48400,12.63,52
484,Perfetti sconosciuti,"Comedy,Drama","Seven long-time friends get together for a dinner. When they decide to share with each other the content of every text message, email and phone call they receive, many secrets start to unveil and the equilibrium trembles.",Paolo Genovese,"Giuseppe Battiston, Anna Foglietta, Marco Giallini,Edoardo Leo",2016,97,7.7,17584,,43
485,Angry Birds,"Animation,Action,Adventure","Find out why the birds are so angry. When an island populated by happy, flightless birds is visited by mysterious green piggies, it's up to three unlikely outcasts - Red, Chuck and Bomb - to figure out what the pigs are up to.",Clay Kaytis,"Jason Sudeikis, Josh Gad, Danny McBride, Maya Rudolph",2016,97,6.3,55781,107.51,
486,Moonrise Kingdom,"Adventure,Comedy,Drama","A pair of young lovers flee their New England town, which causes a local search party to fan out to find them.",Wes Anderson,"Jared Gilman, Kara Hayward, Bruce Willis, Bill Murray",2012,94,7.8,254446,45.51,84
487,Hairspray,"Comedy,Drama,Family",Pleasantly plump teenager Tracy Turnblad teaches 1962 Baltimore a thing or two about integration after landing a spot on a local TV dance show.,Adam Shankman,"John Travolta, Queen Latifah, Nikki Blonsky,Michelle Pfeiffer",2007,117,6.7,102954,118.82,81
488,Safe Haven,"Drama,Romance,Thriller","A young woman with a mysterious past lands in Southport, North Carolina where her bond with a widower forces her to confront the dark secret that haunts her.",Lasse Hallström,"Julianne Hough, Josh Duhamel, Cobie Smulders,David Lyons",2013,115,6.7,84765,71.35,34
489,Focus,"Comedy,Crime,Drama","In the midst of veteran con man Nicky's latest scheme, a woman from his past - now an accomplished femme fatale - shows up and throws his plans for a loop.",Glenn Ficarra,"Will Smith, Margot Robbie, Rodrigo Santoro, Adrian Martinez",2015,105,6.6,166489,53.85,56
490,Ratatouille,"Animation,Comedy,Family",A rat who can cook makes an unusual alliance with a young kitchen worker at a famous restaurant.,Brad Bird,"Brad Garrett, Lou Romano, Patton Oswalt,Ian Holm",2007,111,8,504039,206.44,96
491,Stake Land,"Drama,Horror,Sci-Fi",Martin was a normal teenage boy before the country collapsed in an empty pit of economic and political disaster. A vampire epidemic has swept across what is left of the nation's abandoned ... See full summary »,Jim Mickle,"Connor Paolo, Nick Damici, Kelly McGillis, Gregory Jones",2010,98,6.5,36091,0.02,66
492,The Book of Eli,"Action,Adventure,Drama","A post-apocalyptic tale, in which a lone man fights his way across America in order to protect a sacred book that holds the secrets to saving humankind.",Albert Hughes,"Denzel Washington, Mila Kunis, Ray Stevenson, Gary Oldman",2010,118,6.9,241359,94.82,53
493,Cloverfield,"Action,Horror,Sci-Fi",A group of friends venture deep into the streets of New York on a rescue mission during a rampaging monster attack.,Matt Reeves,"Mike Vogel, Jessica Lucas, Lizzy Caplan, T.J. Miller",2008,85,7,313803,80.03,64
494,Point Break,"Action,Crime,Sport","A young FBI agent infiltrates an extraordinary team of extreme sports athletes he suspects of masterminding a string of unprecedented, sophisticated corporate heists.",Ericson Core,"Edgar Ramírez, Luke Bracey, Ray Winstone, Teresa Palmer",2015,114,5.3,44553,28.77,34
495,Under the Skin,"Drama,Horror,Sci-Fi","A mysterious young woman seduces lonely men in the evening hours in Scotland. However, events lead her to begin a process of self-discovery.",Jonathan Glazer,"Scarlett Johansson, Jeremy McWilliams, Lynsey Taylor Mackay, Dougie McConnell",2013,108,6.3,94707,2.61,78
496,I Am Legend,"Drama,Horror,Sci-Fi","Years after a plague kills most of humanity and transforms the rest into monsters, the sole survivor in New York City struggles valiantly to find a cure.",Francis Lawrence,"Will Smith, Alice Braga, Charlie Tahan, Salli Richardson-Whitfield",2007,101,7.2,565721,256.39,65
497,Men in Black 3,"Action,Adventure,Comedy",Agent J travels in time to M.I.B.'s early days in 1969 to stop an alien from assassinating his friend Agent K and changing history.,Barry Sonnenfeld,"Will Smith, Tommy Lee Jones, Josh Brolin,Jemaine Clement",2012,106,6.8,278379,179.02,58
498,Super 8,"Mystery,Sci-Fi,Thriller","During the summer of 1979, a group of friends witness a train crash and investigate subsequent unexplained events in their small town.",J.J. Abrams,"Elle Fanning, AJ Michalka, Kyle Chandler, Joel Courtney",2011,112,7.1,298913,126.98,72
499,Law Abiding Citizen,"Crime,Drama,Thriller",A frustrated man decides to take justice into his own hands after a plea bargain sets one of his family's killers free. He targets not only the killer but also the district attorney and others involved in the deal.,F. Gary Gray,"Gerard Butler, Jamie Foxx, Leslie Bibb, Colm Meaney",2009,109,7.4,228339,73.34,34
500,Up,"Animation,Adventure,Comedy","Seventy-eight year old Carl Fredricksen travels to Paradise Falls in his home equipped with balloons, inadvertently taking a young stowaway.",Pete Docter,"Edward Asner, Jordan Nagai, John Ratzenberger, Christopher Plummer",2009,96,8.3,722203,292.98,88
501,Maze Runner: The Scorch Trials,"Action,Sci-Fi,Thriller","After having escaped the Maze, the Gladers now face a new set of challenges on the open roads of a desolate landscape filled with unimaginable obstacles.",Wes Ball,"Dylan O'Brien, Kaya Scodelario, Thomas Brodie-Sangster,Giancarlo Esposito",2015,131,6.3,159364,81.69,43
502,Carol,"Drama,Romance",An aspiring photographer develops an intimate relationship with an older woman in 1950s New York.,Todd Haynes,"Cate Blanchett, Rooney Mara, Sarah Paulson, Kyle Chandler",2015,118,7.2,77995,0.25,95
503,Imperium,"Crime,Drama,Thriller","A young FBI agent, eager to prove himself in the field, goes undercover as a white supremacist.",Daniel Ragussis,"Daniel Radcliffe, Toni Collette, Tracy Letts, Sam Trammell",2016,109,6.5,27428,,68
504,Youth,"Comedy,Drama,Music",A retired orchestra conductor is on holiday with his daughter and his film director best friend in the Alps when he receives an invitation from Queen Elizabeth II to perform for Prince Philip's birthday.,Paolo Sorrentino,"Michael Caine, Harvey Keitel, Rachel Weisz, Jane Fonda",2015,124,7.3,52636,2.7,64
505,Mr. Nobody,"Drama,Fantasy,Romance","A boy stands on a station platform as a train is about to leave. Should he go with his mother or stay with his father? Infinite possibilities arise from this decision. As long as he doesn't choose, anything is possible.",Jaco Van Dormael,"Jared Leto, Sarah Polley, Diane Kruger, Linh Dan Pham",2009,141,7.9,166872,,63
506,City of Tiny Lights,"Crime,Drama,Thriller","In the teeming, multicultural metropolis of modern-day London, a seemingly straightforward missing-person case launches a down-at-heel private eye into a dangerous world of religious fanaticism and political intrigue.",Pete Travis,"Riz Ahmed, Billie Piper, James Floyd, Cush Jumbo",2016,110,5.7,291,,54
507,Savages,"Crime,Drama,Thriller",Pot growers Ben and Chon face off against the Mexican drug cartel who kidnapped their shared girlfriend.,Oliver Stone,"Aaron Taylor-Johnson, Taylor Kitsch, Blake Lively,Benicio Del Toro",2012,131,6.5,107960,47.31,59
508,(500) Days of Summer,"Comedy,Drama,Romance","An offbeat romantic comedy about a woman who doesn't believe true love exists, and the young man who falls for her.",Marc Webb,"Zooey Deschanel, Joseph Gordon-Levitt, Geoffrey Arend, Chloë Grace Moretz",2009,95,7.7,398972,32.39,76
509,Movie 43,"Comedy,Romance",A series of interconnected short films follows a washed-up producer as he pitches insane story lines featuring some of the biggest stars in Hollywood.,Elizabeth Banks,"Emma Stone, Stephen Merchant, Richard Gere, Liev Schreiber",2013,94,4.3,83625,8.83,18
510,Gravity,"Drama,Sci-Fi,Thriller",Two astronauts work together to survive after an accident which leaves them alone in space.,Alfonso Cuarón,"Sandra Bullock, George Clooney, Ed Harris, Orto Ignatiussen",2013,91,7.8,622089,274.08,96
511,The Boy in the Striped Pyjamas,"Drama,War","Set during WWII, a story seen through the innocent eyes of Bruno, the eight-year-old son of the commandant at a German concentration camp, whose forbidden friendship with a Jewish boy on the other side of the camp fence has startling and unexpected consequences.",Mark Herman,"Asa Butterfield, David Thewlis, Rupert Friend, Zac Mattoon O'Brien",2008,94,7.8,144614,9.03,55
512,Shooter,"Action,Crime,Drama","A marksman living in exile is coaxed back into action after learning of a plot to kill the President. Ultimately double-crossed and framed for the attempt, he goes on the run to find the real killer and the reason he was set up.",Antoine Fuqua,"Mark Wahlberg, Michael Peña, Rhona Mitra, Danny Glover",2007,124,7.2,267820,46.98,53
513,The Happening,"Sci-Fi,Thriller","A science teacher, his wife, and a young girl struggle to survive a plague that causes those infected to commit suicide.",M. Night Shyamalan,"Mark Wahlberg, Zooey Deschanel, John Leguizamo, Ashlyn Sanchez",2008,91,5,170897,64.51,34
514,Bone Tomahawk,"Adventure,Drama,Horror",Four men set out in the Wild West to rescue a group of captives from cannibalistic cave dwellers.,S. Craig Zahler,"Kurt Russell, Patrick Wilson, Matthew Fox, Richard Jenkins",2015,132,7.1,47289,66.01,72
515,Magic Mike XXL,"Comedy,Drama,Music","Three years after Mike bowed out of the stripper life at the top of his game, he and the remaining Kings of Tampa hit the road to Myrtle Beach to put on one last blow-out performance.",Gregory Jacobs,"Channing Tatum, Joe Manganiello, Matt Bomer,Adam Rodriguez",2015,115,5.7,42506,,60
516,Easy A,"Comedy,Drama,Romance",A clean-cut high school student relies on the school's rumor mill to advance her social and financial standing.,Will Gluck,"Emma Stone, Amanda Bynes, Penn Badgley, Dan Byrd",2010,92,7.1,294950,58.4,72
517,Exodus: Gods and Kings,"Action,Adventure,Drama","The defiant leader Moses rises up against the Egyptian Pharaoh Ramses, setting 600,000 slaves on a monumental journey of escape from Egypt and its terrifying cycle of deadly plagues.",Ridley Scott,"Christian Bale, Joel Edgerton, Ben Kingsley, Sigourney Weaver",2014,150,6,137299,65.01,52
518,Chappie,"Action,Crime,Drama","In the near future, crime is patrolled by a mechanized police force. When one police droid, Chappie, is stolen and given new programming, he becomes the first robot with the ability to think and feel for himself.",Neill Blomkamp,"Sharlto Copley, Dev Patel, Hugh Jackman,Sigourney Weaver",2015,120,6.9,188769,31.57,41
519,The Hobbit: The Desolation of Smaug,"Adventure,Fantasy","The dwarves, along with Bilbo Baggins and Gandalf the Grey, continue their quest to reclaim Erebor, their homeland, from Smaug. Bilbo Baggins is in possession of a mysterious and magical ring.",Peter Jackson,"Ian McKellen, Martin Freeman, Richard Armitage,Ken Stott",2013,161,7.9,513744,258.36,66
520,Half of a Yellow Sun,"Drama,Romance","Sisters Olanna and Kainene return home to 1960s Nigeria, where they soon diverge on different paths. As civil war breaks out, political events loom larger than their differences as they join the fight to establish an independent republic.",Biyi Bandele,"Chiwetel Ejiofor, Thandie Newton, Anika Noni Rose,Joseph Mawle",2013,111,6.2,1356,0.05,51
521,Anthropoid,"Biography,History,Thriller","Based on the extraordinary true story of Operation Anthropoid, the WWII mission to assassinate SS General Reinhard Heydrich, the main architect behind the Final Solution and the Reich's third in command after Hitler and Himmler.",Sean Ellis,"Jamie Dornan, Cillian Murphy, Brian Caspe, Karel Hermánek Jr.",2016,120,7.2,24100,2.96,59
522,The Counselor,"Crime,Drama,Thriller",A lawyer finds himself in over his head when he gets involved in drug trafficking.,Ridley Scott,"Michael Fassbender, Penélope Cruz, Cameron Diaz,Javier Bardem",2013,117,5.3,84927,16.97,48
523,Viking,"Action,Drama,History","Kievan Rus, late 10th century. After the death of his father, the young Viking prince Vladimir of Novgorod is forced into exile across the frozen sea.",Andrey Kravchuk,"Anton Adasinsky, Aleksandr Armer, Vilen Babichev, Rostislav Bershauer",2016,133,4.7,1830,23.05,57
524,Whiskey Tango Foxtrot,"Biography,Comedy,Drama",A journalist recounts her wartime coverage in Afghanistan.,Glenn Ficarra,"Tina Fey, Margot Robbie, Martin Freeman, Alfred Molina",2016,112,6.6,36156,,
525,Trust,"Crime,Drama,Thriller",A teenage girl is targeted by an online sexual predator.,David Schwimmer,"Clive Owen, Catherine Keener, Liana Liberato,Jason Clarke",2010,106,7,36043,0.06,60
526,Birth of the Dragon,"Action,Biography,Drama","Young, up-and-coming martial artist, Bruce Lee, challenges legendary kung fu master Wong Jack Man to a no-holds-barred fight in Northern California.",George Nolfi,"Billy Magnussen, Terry Chen, Teresa Navarro,Vanessa Ross",2016,103,3.9,552,93.05,61
527,Elysium,"Action,Drama,Sci-Fi","In the year 2154, the very wealthy live on a man-made space station while the rest of the population resides on a ruined Earth. A man takes on a mission that could bring equality to the polarized worlds.",Neill Blomkamp,"Matt Damon, Jodie Foster, Sharlto Copley, Alice Braga",2013,109,6.6,358932,,
528,The Green Inferno,"Adventure,Horror","A group of student activists travels to the Amazon to save the rain forest and soon discover that they are not alone, and that no good deed goes unpunished.",Eli Roth,"Lorenza Izzo, Ariel Levy, Aaron Burns, Kirby Bliss Blanton",2013,100,5.4,26461,7.19,38
529,Godzilla,"Action,Adventure,Sci-Fi","The world is beset by the appearance of monstrous creatures, but one of them may be the only one who can save humanity.",Gareth Edwards,"Aaron Taylor-Johnson, Elizabeth Olsen, Bryan Cranston, Ken Watanabe",2014,123,6.4,318058,200.66,62
530,The Bourne Legacy,"Action,Adventure,Mystery","An expansion of the universe from Robert Ludlum's novels, centered on a new hero whose stakes have been triggered by the events of the previous three films.",Tony Gilroy,"Jeremy Renner, Rachel Weisz, Edward Norton, Scott Glenn",2012,135,6.7,245374,113.17,61
531,A Good Year,"Comedy,Drama,Romance","A British investment broker inherits his uncle's chateau and vineyard in Provence, where he spent much of his childhood. He discovers a new laid-back lifestyle as he tries to renovate the estate to be sold.",Ridley Scott,"Russell Crowe, Abbie Cornish, Albert Finney, Marion Cotillard",2006,117,6.9,74674,7.46,47
532,Friend Request,"Horror,Thriller","When a college student unfriends a mysterious girl online, she finds herself fighting a demonic presence that wants to make her lonely by killing her closest friends.",Simon Verhoeven,"Alycia Debnam-Carey, William Moseley, Connor Paolo, Brit Morgan",2016,92,5.4,12758,64.03,59
533,Deja Vu,"Action,Sci-Fi,Thriller","After a ferry is bombed in New Orleans, an A.T.F. agent joins a unique investigation using experimental surveillance technology to find the bomber, but soon finds himself becoming obsessed with one of the victims.",Tony Scott,"Denzel Washington, Paula Patton, Jim Caviezel, Val Kilmer",2006,126,7,253858,,
534,Lucy,"Action,Sci-Fi,Thriller","A woman, accidentally caught in a dark deal, turns the tables on her captors and transforms into a merciless warrior evolved beyond human logic.",Luc Besson,"Scarlett Johansson, Morgan Freeman, Min-sik Choi,Amr Waked",2014,89,6.4,352698,126.55,61
535,A Quiet Passion,"Biography,Drama","The story of American poet Emily Dickinson from her early days as a young schoolgirl to her later years as a reclusive, unrecognized artist.",Terence Davies,"Cynthia Nixon, Jennifer Ehle, Duncan Duff, Keith Carradine",2016,125,7.2,1024,1.08,77
536,Need for Speed,"Action,Crime,Drama","Fresh from prison, a street racer who was framed by a wealthy business associate joins a cross country race with revenge in mind. His ex-partner, learning of the plan, places a massive bounty on his head as the race begins.",Scott Waugh,"Aaron Paul, Dominic Cooper, Imogen Poots, Scott Mescudi",2014,132,6.5,143389,43.57,39
537,Jack Reacher,"Action,Crime,Mystery",A homicide investigator digs deeper into a case involving a trained military sniper who shot five random victims.,Christopher McQuarrie,"Tom Cruise, Rosamund Pike, Richard Jenkins, Werner Herzog",2012,130,7,250811,58.68,50
538,The Do-Over,"Action,Adventure,Comedy","Two down-on-their-luck guys decide to fake their own deaths and start over with new identities, only to find the people they're pretending to be are in even deeper trouble.",Steven Brill,"Adam Sandler, David Spade, Paula Patton, Kathryn Hahn",2016,108,5.7,24761,0.54,22
539,True Crimes,"Crime,Drama,Thriller","A murder investigation of a slain business man turns to clues found in an author's book about an eerily similar crime. Based on the 2008 article ""True Crimes - A postmodern murder mystery"" by David Grann.",Alexandros Avranas,"Jim Carrey, Charlotte Gainsbourg, Marton Csokas, Kati Outinen",2016,92,7.3,198,,43
540,American Pastoral,"Crime,Drama",An All-American college star and his beauty queen wife watch their seemingly perfect life fall apart as their daughter joins the turmoil of '60s America.,Ewan McGregor,"Ewan McGregor, Jennifer Connelly, Dakota Fanning, Peter Riegert",2016,108,6.1,7115,,
541,The Ghost Writer,"Mystery,Thriller",A ghostwriter hired to complete the memoirs of a former British prime minister uncovers secrets that put his own life in jeopardy.,Roman Polanski,"Ewan McGregor, Pierce Brosnan, Olivia Williams,Jon Bernthal",2010,128,7.2,137964,15.52,77
542,Limitless,"Mystery,Sci-Fi,Thriller","With the help of a mysterious pill that enables the user to access 100 percent of his brain abilities, a struggling writer becomes a financial wizard, but it also puts him in a new world with lots of dangers.",Neil Burger,"Bradley Cooper, Anna Friel, Abbie Cornish, Robert De Niro",2011,105,7.4,444417,79.24,59
543,Spectral,"Action,Mystery,Sci-Fi",A sci-fi/thriller story centered on a special-ops team that is dispatched to fight supernatural beings.,Nic Mathieu,"James Badge Dale, Emily Mortimer, Bruce Greenwood,Max Martini",2016,107,6.3,27042,,39
544,P.S. I Love You,"Drama,Romance",A young widow discovers that her late husband has left her 10 messages intended to help ease her pain and start a new life.,Richard LaGravenese,"Hilary Swank, Gerard Butler, Harry Connick Jr., Lisa Kudrow",2007,126,7.1,177247,53.68,
545,Zipper,"Drama,Thriller",A successful family man with a blossoming political career loses all sense of morality when he becomes addicted to using an escort agency.,Mora Stephens,"Patrick Wilson, Lena Headey, Ray Winstone,Richard Dreyfuss",2015,103,5.7,4912,,39
546,Midnight Special,"Drama,Mystery,Sci-Fi","A father and son go on the run, pursued by the government and a cult drawn to the child's special powers.",Jeff Nichols,"Michael Shannon, Joel Edgerton, Kirsten Dunst, Adam Driver",2016,112,6.7,54787,3.71,76
547,Don't Think Twice,"Comedy,Drama","When a member of a popular New York City improv troupe gets a huge break, the rest of the group - all best friends - start to realize that not everyone is going to make it after all.",Mike Birbiglia,"Keegan-Michael Key, Gillian Jacobs, Mike Birbiglia,Chris Gethard",2016,92,6.8,10485,4.42,83
548,Alice in Wonderland,"Adventure,Family,Fantasy","Nineteen-year-old Alice returns to the magical world from her childhood adventure, where she reunites with her old friends and learns of her true destiny: to end the Red Queen's reign of terror.",Tim Burton,"Mia Wasikowska, Johnny Depp, Helena Bonham Carter,Anne Hathaway",2010,108,6.5,324898,334.19,53
549,Chuck,"Biography,Drama,Sport",A drama inspired by the life of heavyweight boxer Chuck Wepner.,Philippe Falardeau,"Elisabeth Moss, Naomi Watts, Ron Perlman, Liev Schreiber",2016,98,6.8,391,0.11,68
550,"I, Daniel Blake",Drama,"After having suffered a heart-attack, a 59-year-old carpenter must fight the bureaucratic forces of the system in order to receive Employment and Support Allowance.",Ken Loach,"Dave Johns, Hayley Squires, Sharon Percy, Briana Shann",2016,100,7.9,22941,,77
551,The Break-Up,"Comedy,Drama,Romance","In a bid to keep their luxurious condo from their significant other, a couple's break-up proceeds to get uglier and nastier by the moment.",Peyton Reed,"Jennifer Aniston, Vince Vaughn, Jon Favreau, Joey Lauren Adams",2006,106,5.8,106381,118.68,45
552,Loving,"Biography,Drama,Romance","The story of Richard and Mildred Loving, a couple whose arrest for interracial marriage in 1960s Virginia began a legal battle that would end with the Supreme Court's historic 1967 decision.",Jeff Nichols,"Ruth Negga, Joel Edgerton, Will Dalton, Dean Mumford",2016,123,7.1,17141,7.7,79
553,Fantastic Four,"Action,Adventure,Sci-Fi",Four young outsiders teleport to an alternate and dangerous universe which alters their physical form in shocking ways. The four must learn to harness their new abilities and work together to save Earth from a former friend turned enemy.,Josh Trank,"Miles Teller, Kate Mara, Michael B. Jordan, Jamie Bell",2015,100,4.3,121847,56.11,27
554,The Survivalist,"Drama,Sci-Fi,Thriller","In a time of starvation, a survivalist lives off a small plot of land hidden deep in forest. When two women seeking food and shelter discover his farm, he finds his existence threatened.",Stephen Fingleton,"Mia Goth, Martin McCann, Barry Ward, Andrew Simpson",2015,104,6.3,9187,,80
555,Colonia,"Drama,Romance,Thriller","A young woman's desperate search for her abducted boyfriend that draws her into the infamous Colonia Dignidad, a sect nobody has ever escaped from.",Florian Gallenberger,"Emma Watson, Daniel Brühl, Michael Nyqvist,Richenda Carey",2015,106,7.1,30074,,33
556,The Boy Next Door,"Mystery,Thriller","A woman, separated from her unfaithful husband, falls for a younger man who has moved in next door, but their torrid affair soon takes a dangerous turn.",Rob Cohen,"Jennifer Lopez, Ryan Guzman, Kristin Chenoweth, John Corbett",2015,91,4.6,30180,35.39,30
557,The Gift,"Mystery,Thriller",A young married couple's lives are thrown into a harrowing tailspin when an acquaintance from the husband's past brings mysterious gifts and a horrifying secret to light after more than 20 years.,Joel Edgerton,"Jason Bateman, Rebecca Hall, Joel Edgerton, Allison Tolman",2015,108,7.1,96688,43.77,77
558,Dracula Untold,"Action,Drama,Fantasy","As his kingdom is being threatened by the Turks, young prince Vlad Tepes must become a monster feared by his own people in order to obtain the power needed to protect his own family, and the families of his kingdom.",Gary Shore,"Luke Evans, Dominic Cooper, Sarah Gadon, Art Parkinson",2014,92,6.3,148504,55.94,40
559,In the Heart of the Sea,"Action,Adventure,Biography","A recounting of a New England whaling ship's sinking by a giant whale in 1820, an experience that later inspired the great novel Moby-Dick.",Ron Howard,"Chris Hemsworth, Cillian Murphy, Brendan Gleeson,Ben Whishaw",2015,122,6.9,90372,24.99,47
560,Idiocracy,"Adventure,Comedy,Sci-Fi","Private Joe Bauers, the definition of ""average American"", is selected by the Pentagon to be the guinea pig for a top-secret hibernation program. Forgotten, he awakes five centuries in the future. He discovers a society so incredibly dumbed down that he's easily the most intelligent person alive.",Mike Judge,"Luke Wilson, Maya Rudolph, Dax Shepard, Terry Crews",2006,84,6.6,115355,0.44,66
561,The Expendables,"Action,Adventure,Thriller",A CIA operative hires a team of mercenaries to eliminate a Latin dictator and a renegade CIA agent.,Sylvester Stallone,"Sylvester Stallone, Jason Statham, Jet Li, Dolph Lundgren",2010,103,6.5,283282,102.98,45
562,Evil Dead,"Fantasy,Horror","Five friends head to a remote cabin, where the discovery of a Book of the Dead leads them to unwittingly summon up demons living in the nearby woods.",Fede Alvarez,"Jane Levy, Shiloh Fernandez, Jessica Lucas, Lou Taylor Pucci",2013,91,6.5,133113,54.24,57
563,Sinister,"Horror,Mystery",Washed-up true-crime writer Ellison Oswalt finds a box of super 8 home movies that suggest the murder he is currently researching is the work of a serial killer whose work dates back to the 1960s.,Scott Derrickson,"Ethan Hawke, Juliet Rylance, James Ransone,Fred Dalton Thompson",2012,110,6.8,171169,48.06,53
564,Wreck-It Ralph,"Animation,Adventure,Comedy","A video game villain wants to be a hero and sets out to fulfill his dream, but his quest brings havoc to the whole arcade where he lives.",Rich Moore,"John C. Reilly, Jack McBrayer, Jane Lynch, Sarah Silverman",2012,101,7.8,290559,189.41,72
565,Snow White and the Huntsman,"Action,Adventure,Drama","In a twist to the fairy tale, the Huntsman ordered to take Snow White into the woods to be killed winds up becoming her protector and mentor in a quest to vanquish the Evil Queen.",Rupert Sanders,"Kristen Stewart, Chris Hemsworth, Charlize Theron, Sam Claflin",2012,127,6.1,239772,155.11,57
566,Pan,"Adventure,Family,Fantasy","12-year-old orphan Peter is spirited away to the magical world of Neverland, where he finds both fun and danger, and ultimately discovers his destiny -- to become the hero who will be forever known as Peter Pan.",Joe Wright,"Levi Miller, Hugh Jackman, Garrett Hedlund, Rooney Mara",2015,111,5.8,47804,34.96,36
567,Transformers: Dark of the Moon,"Action,Adventure,Sci-Fi","The Autobots learn of a Cybertronian spacecraft hidden on the moon, and race against the Decepticons to reach it and to learn its secrets.",Michael Bay,"Shia LaBeouf, Rosie Huntington-Whiteley, Tyrese Gibson, Josh Duhamel",2011,154,6.3,338369,352.36,42
568,Juno,"Comedy,Drama","Faced with an unplanned pregnancy, an offbeat young woman makes an unusual decision regarding her unborn child.",Jason Reitman,"Ellen Page, Michael Cera, Jennifer Garner, Jason Bateman",2007,96,7.5,432461,143.49,81
569,A Hologram for the King,"Comedy,Drama",A failed American sales rep looks to recoup his losses by traveling to Saudi Arabia and selling his company's product to a wealthy monarch.,Tom Tykwer,"Tom Hanks, Sarita Choudhury, Ben Whishaw,Alexander Black",2016,98,6.1,26521,4.2,58
570,Money Monster,"Crime,Drama,Thriller",Financial TV host Lee Gates and his producer Patty are put in an extreme situation when an irate investor takes over their studio.,Jodie Foster,"George Clooney, Julia Roberts, Jack O'Connell,Dominic West",2016,98,6.5,68654,41.01,55
571,The Other Woman,"Comedy,Romance","After discovering her boyfriend is married, Carly soon meets the wife he's been betraying. And when yet another love affair is discovered, all three women team up to plot revenge on the three-timing S.O.B.",Nick Cassavetes,"Cameron Diaz, Leslie Mann, Kate Upton, Nikolaj Coster-Waldau",2014,109,6,110825,83.91,39
572,Enchanted,"Animation,Comedy,Family","A young maiden in a land called Andalasia, who is prepared to be wed, is sent away to New York City by an evil queen, where she falls in love with a lawyer.",Kevin Lima,"Amy Adams, Susan Sarandon, James Marsden, Patrick Dempsey",2007,107,7.1,150353,127.71,75
573,The Intern,"Comedy,Drama","70-year-old widower Ben Whittaker has discovered that retirement isn't all it's cracked up to be. Seizing an opportunity to get back in the game, he becomes a senior intern at an online fashion site, founded and run by Jules Ostin.",Nancy Meyers,"Robert De Niro, Anne Hathaway, Rene Russo,Anders Holm",2015,121,7.1,159582,75.27,51
574,Little Miss Sunshine,"Comedy,Drama",A family determined to get their young daughter into the finals of a beauty pageant take a cross-country trip in their VW bus.,Jonathan Dayton,"Steve Carell, Toni Collette, Greg Kinnear, Abigail Breslin",2006,101,7.8,374044,59.89,80
575,Bleed for This,"Biography,Drama,Sport","The inspirational story of World Champion Boxer Vinny Pazienza who, after a near fatal car crash which left him not knowing if he'd ever walk again, made one of sport's most incredible comebacks.",Ben Younger,"Miles Teller, Aaron Eckhart, Katey Sagal, Ciarán Hinds",2016,117,6.8,11900,4.85,62
576,Clash of the Titans,"Action,Adventure,Fantasy","Perseus demigod, son of Zeus, battles the minions of the underworld to stop them from conquering heaven and earth.",Louis Leterrier,"Sam Worthington, Liam Neeson, Ralph Fiennes,Jason Flemyng",2010,106,5.8,238206,163.19,39
577,The Finest Hours,"Action,Drama,History",The Coast Guard makes a daring rescue attempt off the coast of Cape Cod after a pair of oil tankers are destroyed during a blizzard in 1952.,Craig Gillespie,"Chris Pine, Casey Affleck, Ben Foster, Eric Bana",2016,117,6.8,44425,27.55,58
578,Tron,"Action,Adventure,Sci-Fi",The son of a virtual world designer goes looking for his father and ends up inside the digital world that his father designed. He meets his father's corrupted creation and a unique ally who was born inside the digital world.,Joseph Kosinski,"Jeff Bridges, Garrett Hedlund, Olivia Wilde, Bruce Boxleitner",2010,125,6.8,273959,172.05,49
579,The Hunger Games: Catching Fire,"Action,Adventure,Mystery",Katniss Everdeen and Peeta Mellark become targets of the Capitol after their victory in the 74th Hunger Games sparks a rebellion in the Districts of Panem.,Francis Lawrence,"Jennifer Lawrence, Josh Hutcherson, Liam Hemsworth, Philip Seymour Hoffman",2013,146,7.6,525646,424.65,76
580,All Good Things,"Crime,Drama,Mystery","Mr. David Marks was suspected but never tried for killing his wife Katie who disappeared in 1982, but the truth is eventually revealed.",Andrew Jarecki,"Ryan Gosling, Kirsten Dunst, Frank Langella, Lily Rabe",2010,101,6.3,44158,0.58,57
581,Kickboxer: Vengeance,Action,A kick boxer is out to avenge his brother.,John Stockwell,"Dave Bautista, Alain Moussi, Gina Carano, Jean-Claude Van Damme",2016,90,4.9,6809,131.56,37
582,The Last Airbender,"Action,Adventure,Family","Follows the adventures of Aang, a young successor to a long line of Avatars, who must master all four elements and stop the Fire Nation from enslaving the Water Tribes and the Earth Kingdom.",M. Night Shyamalan,"Noah Ringer, Nicola Peltz, Jackson Rathbone,Dev Patel",2010,103,4.2,125129,,20
583,Sex Tape,"Comedy,Romance","A married couple wake up to discover that the sex tape they made the evening before has gone missing, leading to a frantic search for its whereabouts.",Jake Kasdan,"Jason Segel, Cameron Diaz, Rob Corddry, Ellie Kemper",2014,94,5.1,89885,38.54,36
584,What to Expect When You're Expecting,"Comedy,Drama,Romance","Follows the lives of five interconnected couples as they experience the thrills and surprises of having a baby, and realize that no matter what you plan for, life does not always deliver what is expected.",Kirk Jones,"Cameron Diaz, Matthew Morrison, J. Todd Smith, Dennis Quaid",2012,110,5.7,60059,41.1,41
585,Moneyball,"Biography,Drama,Sport",Oakland A's general manager Billy Beane's successful attempt to assemble a baseball team on a lean budget by employing computer-generated analysis to acquire new players.,Bennett Miller,"Brad Pitt, Robin Wright, Jonah Hill, Philip Seymour Hoffman",2011,133,7.6,297395,75.61,87
586,Ghost Rider,"Action,Fantasy,Thriller","Stunt motorcyclist Johnny Blaze gives up his soul to become a hellblazing vigilante, to fight against power hungry Blackheart, the son of the devil himself.",Mark Steven Johnson,"Nicolas Cage, Eva Mendes, Sam Elliott, Matt Long",2007,114,5.2,190673,115.8,35
587,Unbroken,"Biography,Drama,Sport","After a near-fatal plane crash in WWII, Olympian Louis Zamperini spends a harrowing 47 days in a raft with two fellow crewmen before he's caught by the Japanese navy and sent to a prisoner-of-war camp.",Angelina Jolie,"Jack O'Connell, Miyavi, Domhnall Gleeson, Garrett Hedlund",2014,137,7.2,114006,115.6,59
588,Immortals,"Action,Drama,Fantasy","Theseus is a mortal man chosen by Zeus to lead the fight against the ruthless King Hyperion, who is on a rampage across Greece to obtain a weapon that can destroy humanity.",Tarsem Singh,"Henry Cavill, Mickey Rourke, John Hurt, Stephen Dorff",2011,110,6,142900,83.5,46
589,Sunshine,"Adventure,Sci-Fi,Thriller",A team of international astronauts are sent on a dangerous mission to reignite the dying Sun with a nuclear fission bomb in 2057.,Danny Boyle,"Cillian Murphy, Rose Byrne, Chris Evans, Michelle Yeoh",2007,107,7.3,199860,3.68,64
590,Brave,"Animation,Adventure,Comedy","Determined to make her own path in life, Princess Merida defies a custom that brings chaos to her kingdom. Granted one wish, Merida must rely on her bravery and her archery skills to undo a beastly curse.",Mark Andrews,"Kelly Macdonald,Billy Connolly, Emma Thompson, Julie Walters",2012,93,7.2,293941,237.28,69
591,Män som hatar kvinnor,"Drama,Mystery,Thriller",A journalist is aided in his search for a woman who has been missing -- or dead -- for forty years by a young female hacker.,Niels Arden Oplev,"Michael Nyqvist, Noomi Rapace, Ewa Fröling,Lena Endre",2009,152,7.8,182074,10.1,76
592,Adoration,"Drama,Romance",A pair of childhood friends and neighbors fall for each other's sons.,Anne Fontaine,"Naomi Watts, Robin Wright, Xavier Samuel, James Frecheville",2013,112,6.2,25208,0.32,37
593,The Drop,"Crime,Drama,Mystery","Bob Saginowski finds himself at the center of a robbery gone awry and entwined in an investigation that digs deep into the neighborhood's past where friends, families, and foes all work together to make a living - no matter the cost.",Michaël R. Roskam,"Tom Hardy, Noomi Rapace, James Gandolfini,Matthias Schoenaerts",2014,106,7.1,116118,10.72,69
594,She's the Man,"Comedy,Romance,Sport","When her brother decides to ditch for a couple weeks, Viola heads over to his elite boarding school, disguised as him, and proceeds to fall for one of his soccer teammates, and soon learns she's not the only one with romantic troubles.",Andy Fickman,"Amanda Bynes, Laura Ramsey, Channing Tatum,Vinnie Jones",2006,105,6.4,122864,2.34,45
595,Daddy's Home,"Comedy,Family","Brad Whitaker is a radio host trying to get his stepchildren to love him and call him Dad. But his plans turn upside down when their biological father, Dusty Mayron, returns.",Sean Anders,"Will Ferrell, Mark Wahlberg, Linda Cardellini, Thomas Haden Church",2015,96,6.1,68306,150.32,42
596,Let Me In,"Drama,Horror,Mystery",A bullied young boy befriends a young female vampire who lives in secrecy with her guardian.,Matt Reeves,"Kodi Smit-McPhee, Chloë Grace Moretz, Richard Jenkins, Cara Buono",2010,116,7.2,97141,12.13,79
597,Never Back Down,"Action,Drama,Sport",A frustrated and conflicted teenager arrives at a new high school to discover an underground fight club and meet a classmate who begins to coerce him into fighting.,Jeff Wadlow,"Sean Faris, Djimon Hounsou, Amber Heard, Cam Gigandet",2008,110,6.6,84083,24.85,39
598,Grimsby,"Action,Adventure,Comedy",A new assignment forces a top spy to team up with his football hooligan brother.,Louis Leterrier,"Sacha Baron Cohen, Mark Strong, Rebel Wilson,Freddie Crowder",2016,83,6.2,63408,6.86,44
599,Moon,"Drama,Mystery,Sci-Fi","Astronaut Sam Bell has a quintessentially personal encounter toward the end of his three-year stint on the Moon, where he, working alongside his computer, GERTY, sends back to Earth parcels of a resource that has helped diminish our planet's power problems.",Duncan Jones,"Sam Rockwell, Kevin Spacey, Dominique McElligott,Rosie Shaw",2009,97,7.9,277123,5.01,67
600,Megamind,"Animation,Action,Comedy","The supervillain Megamind finally defeats his nemesis, the superhero Metro Man. But without a hero, he loses all purpose and must find new meaning to his life.",Tom McGrath,"Will Ferrell, Jonah Hill, Brad Pitt, Tina Fey",2010,95,7.3,183926,148.34,63
601,Gangster Squad,"Action,Crime,Drama","It's 1949 Los Angeles, the city is run by gangsters and a malicious mobster, Mickey Cohen. Determined to end the corruption, John O'Mara assembles a team of cops, ready to take down the ruthless leader and restore peace to the city.",Ruben Fleischer,"Sean Penn, Ryan Gosling, Emma Stone, Giovanni Ribisi",2013,113,6.7,181432,46,40
602,Blood Father,"Action,Crime,Drama",An ex-con reunites with his estranged wayward 17-year old daughter to protect her from drug dealers who are trying to kill her.,Jean-François Richet,"Mel Gibson, Erin Moriarty, Diego Luna, Michael Parks",2016,88,6.4,40357,93.95,66
603,He's Just Not That Into You,"Comedy,Drama,Romance",The Baltimore-set movie of interconnecting story arcs deals with the challenges of reading or misreading human behavior.,Ken Kwapis,"Jennifer Aniston, Jennifer Connelly, Morgan Lily,Trenton Rogers",2009,129,6.4,137684,,47
604,Kung Fu Panda 3,"Animation,Action,Adventure","Continuing his ""legendary adventures of awesomeness"", Po must face two hugely epic, but different threats: one supernatural and the other a little closer to his home.",Alessandro Carloni,"Jack Black, Bryan Cranston, Dustin Hoffman, Angelina Jolie",2016,95,7.2,89791,143.52,66
605,The Rise of the Krays,"Crime,Drama",Two brothers unleash a psychotic reign of terror on their journey to build an empire of unprecedented power in the British Mafia.,Zackary Adler,"Matt Vael, Simon Cotton, Kevin Leslie, Olivia Moyles",2015,110,5.1,1630,6.53,90
606,Handsome Devil,Drama,Ned and Conor are forced to share a bedroom at their boarding school. The loner and the star athlete at this rugby-mad school form an unlikely friendship until it's tested by the authorities.,John Butler,"Fionn O'Shea, Nicholas Galitzine, Andrew Scott, Moe Dunford",2016,95,7.4,338,,
607,Winter's Bone,Drama,An unflinching Ozark Mountain girl hacks through dangerous social terrain as she hunts down her drug-dealing father while trying to keep her family intact.,Debra Granik,"Jennifer Lawrence, John Hawkes, Garret Dillahunt,Isaiah Stone",2010,100,7.2,116435,,
608,Horrible Bosses,"Comedy,Crime",Three friends conspire to murder their awful bosses when they realize they are standing in the way of their happiness.,Seth Gordon,"Jason Bateman, Charlie Day, Jason Sudeikis, Steve Wiebe",2011,98,6.9,368556,117.53,57
609,Mommy,Drama,"A widowed single mother, raising her violent son alone, finds new hope when a mysterious neighbor inserts herself into their household.",Xavier Dolan,"Anne Dorval, Antoine-Olivier Pilon, Suzanne Clément,Patrick Huard",2014,139,8.1,33560,3.49,74
610,Hellboy II: The Golden Army,"Action,Adventure,Fantasy","The mythical world starts a rebellion against humanity in order to rule the Earth, so Hellboy and his team must save the world from the rebellious creatures.",Guillermo del Toro,"Ron Perlman, Selma Blair, Doug Jones, John Alexander",2008,120,7,216932,75.75,78
611,Beautiful Creatures,"Drama,Fantasy,Romance","Ethan longs to escape his small Southern town. He meets a mysterious new girl, Lena. Together, they uncover dark secrets about their respective families, their history and their town.",Richard LaGravenese,"Alice Englert, Viola Davis, Emma Thompson,Alden Ehrenreich",2013,124,6.2,71822,19.45,52
612,Toni Erdmann,"Comedy,Drama",A practical joking father tries to reconnect with his hard working daughter by creating an outrageous alter ego and posing as her CEO's life coach.,Maren Ade,"Sandra Hüller, Peter Simonischek, Michael Wittenborn,Thomas Loibl",2016,162,7.6,24387,1.48,93
613,The Lovely Bones,"Drama,Fantasy,Thriller",Centers on a young girl who has been murdered and watches over her family - and her killer - from purgatory. She must weigh her desire for vengeance against her desire for her family to heal.,Peter Jackson,"Rachel Weisz, Mark Wahlberg, Saoirse Ronan, Susan Sarandon",2009,135,6.7,130702,43.98,42
614,The Assassination of Jesse James by the Coward Robert Ford,"Biography,Crime,Drama","Robert Ford, who's idolized Jesse James since childhood, tries hard to join the reforming gang of the Missouri outlaw, but gradually becomes resentful of the bandit leader.",Andrew Dominik,"Brad Pitt, Casey Affleck, Sam Shepard, Mary-Louise Parker",2007,160,7.5,143564,3.9,68
615,Don Jon,"Comedy,Drama,Romance","A New Jersey guy dedicated to his family, friends, and church, develops unrealistic expectations from watching porn and works to find happiness and intimacy with his potential true love.",Joseph Gordon-Levitt,"Joseph Gordon-Levitt, Scarlett Johansson,Julianne Moore, Tony Danza",2013,90,6.6,199973,24.48,66
616,Bastille Day,"Action,Crime,Drama",A young con artist and an unruly CIA agent embark on an anti-terrorist mission in France.,James Watkins,"Idris Elba, Richard Madden, Charlotte Le Bon, Kelly Reilly",2016,92,6.3,21089,0.04,48
617,2307: Winter's Dream,Sci-Fi,"In 2307, a future soldier is sent on a mission to hunt down the leader of the humanoid rebellion.",Joey Curtis,"Paul Sidhu, Branden Coles, Arielle Holmes, Kelcey Watson",2016,101,4,277,20.76,53
618,Free State of Jones,"Action,Biography,Drama","A disillusioned Confederate army deserter returns to Mississippi and leads a militia of fellow deserters, runaway slaves, and women in an uprising against the corrupt local Confederate government.",Gary Ross,"Matthew McConaughey, Gugu Mbatha-Raw, Mahershala Ali, Keri Russell",2016,139,6.9,29895,,
619,Mr. Right,"Action,Comedy,Romance","A girl falls for the ""perfect"" guy, who happens to have a very fatal flaw: he's a hitman on the run from the crime cartels who employ him.",Paco Cabezas,"Anna Kendrick, Sam Rockwell, Tim Roth, James Ransone",2015,95,6.3,30053,0.03,52
620,The Secret Life of Walter Mitty,"Adventure,Comedy,Drama","When his job along with that of his co-worker are threatened, Walter takes action in the real world embarking on a global journey that turns into an adventure more extraordinary than anything he could have ever imagined.",Ben Stiller,"Ben Stiller, Kristen Wiig, Jon Daly, Kathryn Hahn",2013,114,7.3,249877,58.23,54
621,Dope,"Comedy,Crime,Drama","Life changes for Malcolm, a geek who's surviving life in a tough neighborhood, after a chance invitation to an underground party leads him and his friends into a Los Angeles adventure.",Rick Famuyiwa,"Shameik Moore, Tony Revolori, Kiersey Clemons,Kimberly Elise",2015,103,7.3,66400,17.47,72
622,Underworld Awakening,"Action,Fantasy,Horror","When human forces discover the existence of the Vampire and Lycan clans, a war to eradicate both species commences. The vampire warrior Selene leads the battle against humankind.",Måns Mårlind,"Kate Beckinsale, Michael Ealy, India Eisley, Stephen Rea",2012,88,6.4,127157,62.32,39
623,Antichrist,"Drama,Horror","A grieving couple retreat to their cabin in the woods, hoping to repair their broken hearts and troubled marriage. But nature takes its course and things go from bad to worse.",Lars von Trier,"Willem Dafoe, Charlotte Gainsbourg, Storm Acheche Sahlstrøm",2009,108,6.6,94069,0.4,49
624,Friday the 13th,Horror,"A group of young adults discover a boarded up Camp Crystal Lake, where they soon encounter Jason Voorhees and his deadly intentions.",Marcus Nispel,"Jared Padalecki, Amanda Righetti, Derek Mears,Danielle Panabaker",2009,97,5.6,78631,65,34
625,Taken 3,"Action,Thriller","Ex-government operative Bryan Mills is accused of a ruthless murder he never committed or witnessed. As he is tracked and pursued, Mills brings out his particular set of skills to find the true killer and clear his name.",Olivier Megaton,"Liam Neeson, Forest Whitaker, Maggie Grace,Famke Janssen",2014,109,6,144715,89.25,26
626,Total Recall,"Action,Adventure,Mystery","A factory worker, Douglas Quaid, begins to suspect that he is a spy after visiting Rekall - a company that provides its clients with implanted fake memories of a life they would like to have led - goes wrong and he finds himself on the run.",Len Wiseman,"Colin Farrell, Bokeem Woodbine, Bryan Cranston,Kate Beckinsale",2012,118,6.3,210965,58.88,43
627,X-Men: The Last Stand,"Action,Adventure,Fantasy","When a cure is found to treat mutations, lines are drawn amongst the X-Men, led by Professor Charles Xavier, and the Brotherhood, a band of powerful mutants organized under Xavier's former ally, Magneto.",Brett Ratner,"Patrick Stewart, Hugh Jackman, Halle Berry, Famke Janssen",2006,104,6.7,406540,234.36,58
628,The Escort,"Comedy,Drama,Romance","Desperate for a good story, a sex-addicted journalist throws himself into the world of high-class escorts when he starts following a Stanford-educated prostitute.",Will Slocombe,"Lyndsy Fonseca, Michael Doneger, Tommy Dewey,Bruce Campbell",2016,88,6,7181,,46
629,The Whole Truth,"Crime,Drama,Mystery",A defense attorney works to get his teenage client acquitted of murdering his wealthy father.,Courtney Hunt,"Keanu Reeves, Renée Zellweger, Gugu Mbatha-Raw, Gabriel Basso",2016,93,6.1,10700,,
630,Night at the Museum: Secret of the Tomb,"Adventure,Comedy,Family","Larry spans the globe, uniting favorite and new characters while embarking on an epic quest to save the magic before it is gone forever.",Shawn Levy,"Ben Stiller, Robin Williams, Owen Wilson, Dick Van Dyke",2014,98,6.2,74886,113.73,47
631,Love & Other Drugs,"Comedy,Drama,Romance",A young woman suffering from Parkinson's befriends a drug rep working for Pfizer in 1990s Pittsburgh.,Edward Zwick,"Jake Gyllenhaal, Anne Hathaway, Judy Greer, Oliver Platt",2010,112,6.7,151519,32.36,55
632,The Interview,Comedy,"Dave Skylark and his producer Aaron Rapoport run the celebrity tabloid show ""Skylark Tonight"". When they land an interview with a surprise fan, North Korean dictator Kim Jong-un, they are recruited by the CIA to turn their trip to Pyongyang into an assassination mission.",Evan Goldberg,"James Franco, Seth Rogen, Randall Park, Lizzy Caplan",2014,112,6.6,261536,6.11,52
633,The Host,"Comedy,Drama,Horror",A monster emerges from Seoul's Han River and focuses its attention on attacking people. One victim's loving family does what it can to rescue her from its clutches.,Bong Joon Ho,"Kang-ho Song, Hee-Bong Byun, Hae-il Park, Doona Bae",2006,120,7,73491,2.2,85
634,Megan Is Missing,"Drama,Horror,Thriller",Two teenage girls encounter an Internet child predator.,Michael Goi,"Amber Perkins, Rachel Quinn, Dean Waite, Jael Elizabeth Steinmeyer",2011,85,4.9,6683,,94
635,WALL·E,"Animation,Adventure,Family","In the distant future, a small waste-collecting robot inadvertently embarks on a space journey that will ultimately decide the fate of mankind.",Andrew Stanton,"Ben Burtt, Elissa Knight, Jeff Garlin, Fred Willard",2008,98,8.4,776897,223.81,
636,Knocked Up,"Comedy,Romance","For fun-loving party animal Ben Stone, the last thing he ever expected was for his one-night stand to show up on his doorstep eight weeks later to tell him she's pregnant with his child.",Judd Apatow,"Seth Rogen, Katherine Heigl, Paul Rudd, Leslie Mann",2007,129,7,309398,148.73,85
637,Source Code,"Mystery,Romance,Sci-Fi",A soldier wakes up in someone else's body and discovers he's part of an experimental government program to find the bomber of a commuter train. A mission he has only 8 minutes to complete.,Duncan Jones,"Jake Gyllenhaal, Michelle Monaghan, Vera Farmiga,Jeffrey Wright",2011,93,7.5,404884,54.7,74
638,Lawless,"Crime,Drama","Set in Depression-era Franklin County, Virginia, a trio of bootlegging brothers are threatened by a new special deputy and other authorities angling for a cut of their profits.",John Hillcoat,"Tom Hardy, Shia LaBeouf, Guy Pearce, Jason Clarke",2012,116,7.3,195360,37.4,58
639,Unfriended,"Drama,Horror,Mystery","A group of online chat room friends find themselves haunted by a mysterious, supernatural force using the account of their dead friend.",Levan Gabriadze,"Heather Sossaman, Matthew Bohrer, Courtney Halverson, Shelley Hennig",2014,83,5.6,50402,31.54,59
640,American Reunion,Comedy,"Jim, Michelle, Stifler, and their friends reunite in East Great Falls, Michigan for their high school reunion.",Jon Hurwitz,"Jason Biggs, Alyson Hannigan,Seann William Scott, Chris Klein",2012,113,6.7,178471,56.72,49
641,The Pursuit of Happyness,"Biography,Drama",A struggling salesman takes custody of his son as he's poised to begin a life-changing professional career.,Gabriele Muccino,"Will Smith, Thandie Newton, Jaden Smith, Brian Howe",2006,117,8,361105,162.59,64
642,Relatos salvajes,"Comedy,Drama,Thriller",Six short stories that explore the extremities of human behavior involving people in distress.,Damián Szifron,"Darío Grandinetti, María Marull, Mónica Villa, Rita Cortese",2014,122,8.1,110100,3.08,77
643,The Ridiculous 6,"Comedy,Western","An outlaw who was raised by Native Americans discovers that he has five half-brothers; together the men go on a mission to find their wayward, deadbeat dad.",Frank Coraci,"Adam Sandler, Terry Crews, Jorge Garcia, Taylor Lautner",2015,119,4.8,31149,,18
644,Frantz,"Drama,History,War","In the aftermath of WWI, a young German who grieves the death of her fiancé in France meets a mysterious Frenchman who visits the fiancé's grave to lay flowers.",François Ozon,"Pierre Niney, Paula Beer, Ernst Stötzner, Marie Gruber",2016,113,7.5,4304,0.86,73
645,Viral,"Drama,Horror,Sci-Fi","Following the outbreak of a virus that wipes out the majority of the human population, a young woman documents her family's new life in quarantine and tries to protect her infected sister.",Henry Joost,"Sofia Black-D'Elia, Analeigh Tipton,Travis Tope, Michael Kelly",2016,85,5.5,3564,,72
646,Gran Torino,Drama,"Disgruntled Korean War veteran Walt Kowalski sets out to reform his neighbor, a Hmong teenager who tried to steal Kowalski's prized possession: a 1972 Gran Torino.",Clint Eastwood,"Clint Eastwood, Bee Vang, Christopher Carley,Ahney Her",2008,116,8.2,595779,148.09,
647,Burnt,"Comedy,Drama","Adam Jones (Bradley Cooper) is a chef who destroyed his career with drugs and diva behavior. He cleans up and returns to London, determined to redeem himself by spearheading a top restaurant that can gain three Michelin stars.",John Wells,"Bradley Cooper, Sienna Miller, Daniel Brühl, Riccardo Scamarcio",2015,101,6.6,76469,13.65,42
648,Tall Men,"Fantasy,Horror,Thriller",A challenged man is stalked by tall phantoms in business suits after he purchases a car with a mysterious black credit card.,Jonathan Holbrook,"Dan Crisafulli, Kay Whitney, Richard Garcia, Pat Cashman",2016,133,3.2,173,,57
649,Sleeping Beauty,"Drama,Romance","A haunting portrait of Lucy, a young university student drawn into a mysterious hidden world of unspoken desires.",Julia Leigh,"Emily Browning, Rachael Blake, Ewen Leslie, Bridgette Barrett",2011,101,5.3,27006,0.03,
650,Vampire Academy,"Action,Comedy,Fantasy","Rose Hathaway is a Dhampir, half human-half vampire, a guardian of the Moroi, peaceful, mortal vampires living discreetly within our world. Her calling is to protect the Moroi from bloodthirsty, immortal Vampires, the Strigoi.",Mark Waters,"Zoey Deutch, Lucy Fry, Danila Kozlovsky, Gabriel Byrne",2014,104,5.6,44111,7.79,30
651,Sweeney Todd: The Demon Barber of Fleet Street,"Drama,Horror,Musical","The infamous story of Benjamin Barker, a.k.a. Sweeney Todd, who sets up a barber shop down in London which is the basis for a sinister partnership with his fellow tenant, Mrs. Lovett. Based on the hit Broadway musical.",Tim Burton,"Johnny Depp, Helena Bonham Carter, Alan Rickman,Timothy Spall",2007,116,7.4,296289,52.88,83
652,Solace,"Crime,Drama,Mystery",A psychic works with the FBI in order to hunt down a serial killer.,Afonso Poyart,"Anthony Hopkins, Jeffrey Dean Morgan, Abbie Cornish, Colin Farrell",2015,101,6.4,36300,,36
653,Insidious,"Horror,Mystery,Thriller",A family looks to prevent evil spirits from trapping their comatose child in a realm called The Further.,James Wan,"Patrick Wilson, Rose Byrne, Ty Simpkins, Lin Shaye",2010,103,6.8,219916,53.99,52
654,Popstar: Never Stop Never Stopping,"Comedy,Music","When it becomes clear that his solo album is a failure, a former boy band member does everything in his power to maintain his celebrity status.",Akiva Schaffer,"Andy Samberg, Jorma Taccone,Akiva Schaffer, Sarah Silverman",2016,87,6.7,30875,9.39,68
655,The Levelling,Drama,"Somerset, October 2014. When Clover Catto (Ellie Kendrick) receives a call telling her that her younger brother Harry (Joe Blakemore) is dead, she must return to her family farm and face ... See full summary »",Hope Dickson Leach,"Ellie Kendrick, David Troughton, Jack Holden,Joe Blakemore",2016,83,6.4,482,,82
656,Public Enemies,"Biography,Crime,Drama","The Feds try to take down notorious American gangsters John Dillinger, Baby Face Nelson and Pretty Boy Floyd during a booming crime wave in the 1930s.",Michael Mann,"Christian Bale, Johnny Depp, Christian Stolte, Jason Clarke",2009,140,7,240323,97.03,70
657,Boyhood,Drama,"The life of Mason, from early childhood to his arrival at college.",Richard Linklater,"Ellar Coltrane, Patricia Arquette, Ethan Hawke,Elijah Smith",2014,165,7.9,286722,25.36,100
658,Teenage Mutant Ninja Turtles,"Action,Adventure,Comedy","When a kingpin threatens New York City, a group of mutated turtle warriors must emerge from the shadows to protect their home.",Jonathan Liebesman,"Megan Fox, Will Arnett, William Fichtner, Noel Fisher",2014,101,5.9,178527,190.87,31
659,Eastern Promises,"Crime,Drama,Mystery",A Russian teenager living in London who dies during childbirth leaves clues to a midwife in her journal that could tie her child to a rape involving a violent Russian mob family.,David Cronenberg,"Naomi Watts, Viggo Mortensen, Armin Mueller-Stahl, Josef Altin",2007,100,7.7,198006,17.11,82
660,The Daughter,Drama,"The story follows a man who returns home to discover a long-buried family secret, and whose attempts to put things right threaten the lives of those he left home years before.",Simon Stone,"Geoffrey Rush, Nicholas Hope, Sam Neill, Ewen Leslie",2015,96,6.7,2798,0.03,62
661,Pineapple Express,"Action,Comedy,Crime",A process server and his marijuana dealer wind up on the run from hitmen and a corrupt police officer after he witnesses his dealer's boss murder a competitor while trying to serve papers on him.,David Gordon Green,"Seth Rogen, James Franco, Gary Cole, Danny McBride",2008,111,7,267872,87.34,64
662,The First Time,"Comedy,Drama,Romance",A shy senior and a down-to-earth junior fall in love over one weekend.,Jon Kasdan,"Dylan O'Brien, Britt Robertson, Victoria Justice, James Frecheville",2012,95,6.9,54027,0.02,55
663,Gone Baby Gone,"Crime,Drama,Mystery","Two Boston area detectives investigate a little girl's kidnapping, which ultimately turns into a crisis both professionally and personally.",Ben Affleck,"Morgan Freeman, Ed Harris, Casey Affleck, Michelle Monaghan",2007,114,7.7,206707,20.3,72
664,The Heat,"Action,Comedy,Crime",An uptight FBI Special Agent is paired with a foul-mouthed Boston cop to take down a ruthless drug lord.,Paul Feig,"Sandra Bullock, Michael McDonald, Melissa McCarthy,Demián Bichir",2013,117,6.6,140151,159.58,60
665,L'avenir,Drama,"A philosophy teacher soldiers through the death of her mother, getting fired from her job, and dealing with a husband who is cheating on her.",Mia Hansen-Løve,"Isabelle Huppert, André Marcon, Roman Kolinka,Edith Scob",2016,102,7.1,5796,0.28,88
666,Anna Karenina,"Drama,Romance","In late-19th-century Russian high society, St. Petersburg aristocrat Anna Karenina enters into a life-changing affair with the dashing Count Alexei Vronsky.",Joe Wright,"Keira Knightley, Jude Law, Aaron Taylor-Johnson,Matthew Macfadyen",2012,129,6.6,75291,12.8,63
667,Regression,"Crime,Drama,Mystery",A detective and a psychoanalyst uncover evidence of a satanic cult while investigating the rape of a young woman.,Alejandro Amenábar,"Ethan Hawke, David Thewlis, Emma Watson,Dale Dickey",2015,106,5.7,26320,0.05,32
668,Ted 2,"Adventure,Comedy,Romance","Newlywed couple Ted and Tami-Lynn want to have a baby, but in order to qualify to be a parent, Ted will have to prove he's a person in a court of law.",Seth MacFarlane,"Mark Wahlberg, Seth MacFarlane, Amanda Seyfried, Jessica Barth",2015,115,6.3,136323,81.26,48
669,Pain & Gain,"Comedy,Crime,Drama",A trio of bodybuilders in Florida get caught up in an extortion ring and a kidnapping scheme that goes terribly wrong.,Michael Bay,"Mark Wahlberg, Dwayne Johnson, Anthony Mackie,Tony Shalhoub",2013,129,6.5,168875,49.87,45
670,Blood Diamond,"Adventure,Drama,Thriller","A fisherman, a smuggler, and a syndicate of businessmen match wits over the possession of a priceless diamond.",Edward Zwick,"Leonardo DiCaprio, Djimon Hounsou, Jennifer Connelly, Kagiso Kuypers",2006,143,8,422014,57.37,64
671,Devil's Knot,"Biography,Crime,Drama",The savage murders of three young children sparks a controversial trial of three teenagers accused of killing the kids as part of a satanic ritual.,Atom Egoyan,"Colin Firth, Reese Witherspoon, Alessandro Nivola,James Hamrick",2013,114,6.1,15514,,42
672,Child 44,"Crime,Drama,Thriller",A disgraced member of the Russian military police investigates a series of child murders during the Stalin-era Soviet Union.,Daniel Espinosa,"Tom Hardy, Gary Oldman, Noomi Rapace, Joel Kinnaman",2015,137,6.5,47703,1.21,41
673,The Hurt Locker,"Drama,History,Thriller","During the Iraq War, a Sergeant recently assigned to an army bomb squad is put at odds with his squad mates due to his maverick way of handling his work.",Kathryn Bigelow,"Jeremy Renner, Anthony Mackie, Brian Geraghty,Guy Pearce",2008,131,7.6,352023,15.7,94
674,Green Lantern,"Action,Adventure,Sci-Fi","Reckless test pilot Hal Jordan is granted an alien ring that bestows him with otherworldly powers that inducts him into an intergalactic police force, the Green Lantern Corps.",Martin Campbell,"Ryan Reynolds, Blake Lively, Peter Sarsgaard,Mark Strong",2011,114,5.6,231907,116.59,39
675,War on Everyone,"Action,Comedy","Two corrupt cops set out to blackmail and frame every criminal unfortunate enough to cross their path. Events, however, are complicated by the arrival of someone who appears to be even more dangerous than they are.",John Michael McDonagh,"Alexander Skarsgård, Michael Peña, Theo James, Tessa Thompson",2016,98,5.9,9285,,50
676,The Mist,Horror,"A freak storm unleashes a species of bloodthirsty creatures on a small town, where a small band of citizens hole up in a supermarket and fight for their lives.",Frank Darabont,"Thomas Jane, Marcia Gay Harden, Laurie Holden,Andre Braugher",2007,126,7.2,233346,25.59,58
677,Escape Plan,"Action,Crime,Mystery","When a structural-security authority finds himself set up and incarcerated in the world's most secret and secure prison, he has to use his skills to escape with help from the inside.",Mikael Håfström,"Sylvester Stallone, Arnold Schwarzenegger, 50 Cent, Vincent D'Onofrio",2013,115,6.7,188004,25.12,49
678,"Love, Rosie","Comedy,Romance","Rosie and Alex have been best friends since they were 5, so they couldn't possibly be right for one another...or could they? When it comes to love, life and making the right choices, these two are their own worst enemies.",Christian Ditter,"Lily Collins, Sam Claflin, Christian Cooke, Jaime Winstone",2014,102,7.2,80415,0.01,44
679,The DUFF,Comedy,"A high school senior instigates a social pecking order revolution after finding out that she has been labeled the DUFF - Designated Ugly Fat Friend - by her prettier, more popular counterparts.",Ari Sandel,"Mae Whitman, Bella Thorne, Robbie Amell, Allison Janney",2015,101,6.5,57874,34.02,56
680,The Age of Shadows,"Action,Drama,Thriller",Japanese agents close in as members of the Korean resistance plan an attack in 1920's Seoul.,Jee-woon Kim,"Byung-hun Lee, Yoo Gong, Kang-ho Song, Ji-min Han",2016,140,7.2,2403,0.54,78
681,The Hunger Games: Mockingjay - Part 1,"Action,Adventure,Sci-Fi","Katniss Everdeen is in District 13 after she shatters the games forever. Under the leadership of President Coin and the advice of her trusted friends, Katniss spreads her wings as she fights to save Peeta and a nation moved by her courage.",Francis Lawrence,"Jennifer Lawrence, Josh Hutcherson, Liam Hemsworth, Woody Harrelson",2014,123,6.7,331902,337.1,64
682,We Need to Talk About Kevin,"Drama,Mystery,Thriller","Kevin's mother struggles to love her strange child, despite the increasingly vicious things he says and does as he grows up. But Kevin is just getting started, and his final act will be beyond anything anyone imagined.",Lynne Ramsay,"Tilda Swinton, John C. Reilly, Ezra Miller, Jasper Newell",2011,112,7.5,104953,1.74,68
683,Love & Friendship,"Comedy,Drama,Romance","Lady Susan Vernon takes up temporary residence at her in-laws' estate and, while there, is determined to be a matchmaker for her daughter Frederica -- and herself too, naturally.",Whit Stillman,"Kate Beckinsale, Chloë Sevigny, Xavier Samuel,Emma Greenwell",2016,90,6.5,16164,14.01,87
684,The Mortal Instruments: City of Bones,"Action,Fantasy,Horror","When her mother disappears, Clary Fray learns that she descends from a line of warriors who protect our world from demons. She joins forces with others like her and heads into a dangerous alternate New York called the Shadow World.",Harald Zwart,"Lily Collins, Jamie Campbell Bower, Robert Sheehan,Jemima West",2013,130,5.9,112313,31.17,33
685,Seven Pounds,"Drama,Romance",A man with a fateful secret embarks on an extraordinary journey of redemption by forever changing the lives of seven strangers.,Gabriele Muccino,"Will Smith, Rosario Dawson, Woody Harrelson,Michael Ealy",2008,123,7.7,245144,69.95,36
686,The King's Speech,"Biography,Drama","The story of King George VI of the United Kingdom of Great Britain and Northern Ireland, his impromptu ascension to the throne and the speech therapist who helped the unsure monarch become worthy of it.",Tom Hooper,"Colin Firth, Geoffrey Rush, Helena Bonham Carter,Derek Jacobi",2010,118,8,534388,138.8,88
687,Hunger,"Biography,Drama",Irish republican Bobby Sands leads the inmates of a Northern Irish prison in a hunger strike.,Steve McQueen,"Stuart Graham, Laine Megaw, Brian Milligan, Liam McMahon",2008,96,7.6,54486,0.15,82
688,Jumper,"Action,Adventure,Sci-Fi",A teenager with teleportation abilities suddenly finds himself in the middle of an ancient war between those like him and their sworn annihilators.,Doug Liman,"Hayden Christensen, Samuel L. Jackson, Jamie Bell,Rachel Bilson",2008,88,6.1,252503,80.17,35
689,Toy Story 3,"Animation,Adventure,Comedy","The toys are mistakenly delivered to a day-care center instead of the attic right before Andy leaves for college, and it's up to Woody to convince the other toys that they weren't abandoned and to return home.",Lee Unkrich,"Tom Hanks, Tim Allen, Joan Cusack, Ned Beatty",2010,103,8.3,586669,414.98,92